admin_id,akun_id,kode_admin,is_active,created_at,updated_at
ADM000001,AKUN000001,ADM-2026-0001,active,2024-12-30 00:47:30,2024-12-31 00:47:30
ADM000002,AKUN000002,ADM-2026-0002,active,2025-09-25 18:20:23,2025-09-27 18:20:23
ADM000003,AKUN000003,ADM-2026-0003,active,2025-04-05 19:09:50,2025-04-08 19:09:50
ADM000004,AKUN000004,ADM-2026-0004,active,2024-06-10 12:13:10,2024-06-14 12:13:10
ADM000005,AKUN000005,ADM-2026-0005,active,2025-10-12 02:23:45,2025-10-17 02:23:45
ADM000006,AKUN000006,ADM-2026-0006,active,2024-12-10 07:23:07,2024-12-16 07:23:07
ADM000007,AKUN000007,ADM-2026-0007,active,2024-04-08 20:02:55,2024-04-15 20:02:55
ADM000008,AKUN000008,ADM-2026-0008,active,2025-01-04 12:44:48,2025-01-12 12:44:48
ADM000009,AKUN000009,ADM-2026-0009,active,2026-04-24 16:27:45,2026-05-03 16:27:45
ADM000010,AKUN000010,ADM-2026-0010,active,2025-02-06 21:51:18,2025-02-16 21:51:18
ADM000011,AKUN000011,ADM-2026-0011,active,2024-10-17 10:07:06,2024-10-28 10:07:06
ADM000012,AKUN000012,ADM-2026-0012,active,2024-07-20 22:18:29,2024-08-01 22:18:29
ADM000013,AKUN000013,ADM-2026-0013,active,2024-06-09 12:50:51,2024-06-22 12:50:51
ADM000014,AKUN000014,ADM-2026-0014,active,2026-04-21 14:14:02,2026-05-05 14:14:02
ADM000015,AKUN000015,ADM-2026-0015,active,2026-03-09 06:37:06,2026-03-24 06:37:06
ADM000016,AKUN000016,ADM-2026-0016,active,2024-10-29 06:58:53,2024-11-14 06:58:53
ADM000017,AKUN000017,ADM-2026-0017,active,2024-05-04 00:14:30,2024-05-21 00:14:30
ADM000018,AKUN000018,ADM-2026-0018,active,2026-03-24 00:10:19,2026-04-11 00:10:19
ADM000019,AKUN000019,ADM-2026-0019,active,2025-12-20 08:40:01,2026-01-08 08:40:01
ADM000020,AKUN000020,ADM-2026-0020,active,2025-05-01 00:17:12,2025-05-21 00:17:12
ADM000021,AKUN000021,ADM-2026-0021,active,2025-04-10 14:34:09,2025-05-01 14:34:09
ADM000022,AKUN000022,ADM-2026-0022,active,2025-10-04 23:25:08,2025-10-26 23:25:08
ADM000023,AKUN000023,ADM-2026-0023,inactive,2024-03-02 03:50:47,2024-03-25 03:50:47
ADM000024,AKUN000024,ADM-2026-0024,active,2025-03-10 16:00:39,2025-04-03 16:00:39
ADM000025,AKUN000025,ADM-2026-0025,active,2025-03-07 01:00:02,2025-04-01 01:00:02
ADM000026,AKUN000026,ADM-2026-0026,active,2025-04-27 14:59:24,2025-05-23 14:59:24
ADM000027,AKUN000027,ADM-2026-0027,active,2026-03-28 18:41:30,2026-04-24 18:41:30
ADM000028,AKUN000028,ADM-2026-0028,active,2024-04-09 22:38:38,2024-05-07 22:38:38
ADM000029,AKUN000029,ADM-2026-0029,active,2025-11-23 01:51:05,2025-12-22 01:51:05
ADM000030,AKUN000030,ADM-2026-0030,active,2026-01-13 01:55:10,2026-01-13 01:55:10
ADM000031,AKUN000031,ADM-2026-0031,active,2024-12-02 03:26:00,2024-12-03 03:26:00
ADM000032,AKUN000032,ADM-2026-0032,active,2024-11-17 12:03:15,2024-11-19 12:03:15
ADM000033,AKUN000033,ADM-2026-0033,active,2025-05-01 07:04:44,2025-05-04 07:04:44
ADM000034,AKUN000034,ADM-2026-0034,active,2024-07-21 00:31:32,2024-07-25 00:31:32
ADM000035,AKUN000035,ADM-2026-0035,active,2025-04-09 15:45:41,2025-04-14 15:45:41
ADM000036,AKUN000036,ADM-2026-0036,active,2024-12-19 02:41:09,2024-12-25 02:41:09
ADM000037,AKUN000037,ADM-2026-0037,active,2024-08-08 17:15:02,2024-08-15 17:15:02
ADM000038,AKUN000038,ADM-2026-0038,active,2025-04-11 07:27:10,2025-04-19 07:27:10
ADM000039,AKUN000039,ADM-2026-0039,active,2026-03-02 13:47:34,2026-03-11 13:47:34
ADM000040,AKUN000040,ADM-2026-0040,active,2025-08-15 09:15:50,2025-08-25 09:15:50
ADM000041,AKUN000041,ADM-2026-0041,active,2024-07-19 00:29:38,2024-07-30 00:29:38
ADM000042,AKUN000042,ADM-2026-0042,active,2026-02-15 19:03:59,2026-02-27 19:03:59
ADM000043,AKUN000043,ADM-2026-0043,active,2025-11-12 03:05:06,2025-11-25 03:05:06
ADM000044,AKUN000044,ADM-2026-0044,active,2025-06-07 17:47:24,2025-06-21 17:47:24
ADM000045,AKUN000045,ADM-2026-0045,active,2024-04-21 03:16:51,2024-05-06 03:16:51
ADM000046,AKUN000046,ADM-2026-0046,inactive,2025-04-04 04:26:52,2025-04-20 04:26:52
ADM000047,AKUN000047,ADM-2026-0047,active,2024-11-28 04:25:00,2024-12-15 04:25:00
ADM000048,AKUN000048,ADM-2026-0048,active,2024-05-01 21:37:17,2024-05-19 21:37:17
ADM000049,AKUN000049,ADM-2026-0049,active,2024-11-26 16:19:59,2024-12-15 16:19:59
ADM000050,AKUN000050,ADM-2026-0050,active,2025-11-02 16:02:00,2025-11-22 16:02:00
ADM000051,AKUN000051,ADM-2026-0051,active,2025-05-03 15:18:03,2025-05-24 15:18:03
ADM000052,AKUN000052,ADM-2026-0052,active,2024-12-22 16:46:12,2025-01-13 16:46:12
ADM000053,AKUN000053,ADM-2026-0053,active,2024-08-01 02:14:17,2024-08-24 02:14:17
ADM000054,AKUN000054,ADM-2026-0054,active,2024-09-18 12:00:04,2024-10-12 12:00:04
ADM000055,AKUN000055,ADM-2026-0055,active,2026-04-06 09:13:23,2026-05-01 09:13:23
ADM000056,AKUN000056,ADM-2026-0056,active,2025-08-05 10:23:17,2025-08-31 10:23:17
ADM000057,AKUN000057,ADM-2026-0057,active,2024-05-15 15:00:52,2024-06-11 15:00:52
ADM000058,AKUN000058,ADM-2026-0058,active,2025-05-01 11:40:57,2025-05-29 11:40:57
ADM000059,AKUN000059,ADM-2026-0059,active,2025-12-05 03:22:40,2026-01-03 03:22:40
ADM000060,AKUN000060,ADM-2026-0060,active,2025-10-07 14:16:15,2025-10-07 14:16:15
ADM000061,AKUN000061,ADM-2026-0061,active,2025-12-03 04:58:14,2025-12-04 04:58:14
ADM000062,AKUN000062,ADM-2026-0062,active,2024-04-14 08:44:10,2024-04-16 08:44:10
ADM000063,AKUN000063,ADM-2026-0063,active,2026-03-04 20:02:12,2026-03-07 20:02:12
ADM000064,AKUN000064,ADM-2026-0064,active,2025-11-27 07:16:52,2025-12-01 07:16:52
ADM000065,AKUN000065,ADM-2026-0065,active,2025-01-24 11:49:31,2025-01-29 11:49:31
ADM000066,AKUN000066,ADM-2026-0066,active,2024-05-06 14:51:36,2024-05-12 14:51:36
ADM000067,AKUN000067,ADM-2026-0067,active,2026-02-03 08:46:08,2026-02-10 08:46:08
ADM000068,AKUN000068,ADM-2026-0068,active,2024-09-30 02:38:37,2024-10-08 02:38:37
ADM000069,AKUN000069,ADM-2026-0069,inactive,2025-07-25 12:51:18,2025-08-03 12:51:18
ADM000070,AKUN000070,ADM-2026-0070,active,2025-03-01 06:45:33,2025-03-11 06:45:33
ADM000071,AKUN000071,ADM-2026-0071,active,2024-09-06 10:25:53,2024-09-17 10:25:53
ADM000072,AKUN000072,ADM-2026-0072,active,2025-09-28 11:16:53,2025-10-10 11:16:53
ADM000073,AKUN000073,ADM-2026-0073,active,2026-04-25 19:10:27,2026-05-08 19:10:27
ADM000074,AKUN000074,ADM-2026-0074,active,2024-10-20 18:16:29,2024-11-03 18:16:29
ADM000075,AKUN000075,ADM-2026-0075,active,2026-03-30 16:55:13,2026-04-14 16:55:13
ADM000076,AKUN000076,ADM-2026-0076,active,2024-04-18 06:07:38,2024-05-04 06:07:38
ADM000077,AKUN000077,ADM-2026-0077,active,2025-12-14 17:24:21,2025-12-31 17:24:21
ADM000078,AKUN000078,ADM-2026-0078,active,2025-10-22 11:01:37,2025-11-09 11:01:37
ADM000079,AKUN000079,ADM-2026-0079,active,2024-07-19 15:57:51,2024-08-07 15:57:51
ADM000080,AKUN000080,ADM-2026-0080,active,2026-01-16 09:52:48,2026-02-05 09:52:48
ADM000081,AKUN000081,ADM-2026-0081,active,2024-04-16 10:42:34,2024-05-07 10:42:34
ADM000082,AKUN000082,ADM-2026-0082,active,2024-06-30 10:10:07,2024-07-22 10:10:07
ADM000083,AKUN000083,ADM-2026-0083,active,2024-10-29 15:00:31,2024-11-21 15:00:31
ADM000084,AKUN000084,ADM-2026-0084,active,2025-05-12 18:27:12,2025-06-05 18:27:12
ADM000085,AKUN000085,ADM-2026-0085,active,2025-01-17 13:24:24,2025-02-11 13:24:24
ADM000086,AKUN000086,ADM-2026-0086,active,2024-09-20 19:46:45,2024-10-16 19:46:45
ADM000087,AKUN000087,ADM-2026-0087,active,2024-12-22 13:03:21,2025-01-18 13:03:21
ADM000088,AKUN000088,ADM-2026-0088,active,2024-07-17 22:55:38,2024-08-14 22:55:38
ADM000089,AKUN000089,ADM-2026-0089,active,2024-10-13 13:20:41,2024-11-11 13:20:41
ADM000090,AKUN000090,ADM-2026-0090,active,2024-02-04 12:57:57,2024-02-04 12:57:57
ADM000091,AKUN000091,ADM-2026-0091,active,2026-04-26 09:31:48,2026-04-27 09:31:48
ADM000092,AKUN000092,ADM-2026-0092,inactive,2026-04-28 14:31:49,2026-04-30 14:31:49
ADM000093,AKUN000093,ADM-2026-0093,active,2025-05-15 15:55:42,2025-05-18 15:55:42
ADM000094,AKUN000094,ADM-2026-0094,active,2024-01-03 17:27:12,2024-01-07 17:27:12
ADM000095,AKUN000095,ADM-2026-0095,active,2024-11-20 05:28:06,2024-11-25 05:28:06
ADM000096,AKUN000096,ADM-2026-0096,active,2025-12-10 02:18:20,2025-12-16 02:18:20
ADM000097,AKUN000097,ADM-2026-0097,active,2025-11-06 14:40:33,2025-11-13 14:40:33
ADM000098,AKUN000098,ADM-2026-0098,active,2024-04-02 15:30:56,2024-04-10 15:30:56
ADM000099,AKUN000099,ADM-2026-0099,active,2025-12-07 20:31:59,2025-12-16 20:31:59
ADM000100,AKUN000100,ADM-2026-0100,active,2025-02-23 17:24:23,2025-03-05 17:24:23
ADM000101,AKUN000101,ADM-2026-0101,active,2026-04-22 02:00:35,2026-05-03 02:00:35
ADM000102,AKUN000102,ADM-2026-0102,active,2025-09-07 12:45:21,2025-09-19 12:45:21
ADM000103,AKUN000103,ADM-2026-0103,active,2024-06-22 20:10:12,2024-07-05 20:10:12
ADM000104,AKUN000104,ADM-2026-0104,active,2024-01-18 06:39:40,2024-02-01 06:39:40
ADM000105,AKUN000105,ADM-2026-0105,active,2025-05-16 19:42:18,2025-05-31 19:42:18
ADM000106,AKUN000106,ADM-2026-0106,active,2025-12-25 06:26:59,2026-01-10 06:26:59
ADM000107,AKUN000107,ADM-2026-0107,active,2025-02-05 04:10:11,2025-02-22 04:10:11
ADM000108,AKUN000108,ADM-2026-0108,active,2024-01-06 11:38:47,2024-01-24 11:38:47
ADM000109,AKUN000109,ADM-2026-0109,active,2024-01-05 19:03:29,2024-01-24 19:03:29
ADM000110,AKUN000110,ADM-2026-0110,active,2025-02-11 15:01:31,2025-03-03 15:01:31
ADM000111,AKUN000111,ADM-2026-0111,active,2025-05-13 01:19:45,2025-06-03 01:19:45
ADM000112,AKUN000112,ADM-2026-0112,active,2026-02-24 18:13:04,2026-03-18 18:13:04
ADM000113,AKUN000113,ADM-2026-0113,active,2025-01-04 22:24:05,2025-01-27 22:24:05
ADM000114,AKUN000114,ADM-2026-0114,active,2024-05-29 23:57:03,2024-06-22 23:57:03
ADM000115,AKUN000115,ADM-2026-0115,inactive,2024-11-20 15:54:34,2024-12-15 15:54:34
ADM000116,AKUN000116,ADM-2026-0116,active,2025-09-13 11:14:07,2025-10-09 11:14:07
ADM000117,AKUN000117,ADM-2026-0117,active,2025-02-21 16:29:19,2025-03-20 16:29:19
ADM000118,AKUN000118,ADM-2026-0118,active,2025-01-13 03:21:46,2025-02-10 03:21:46
ADM000119,AKUN000119,ADM-2026-0119,active,2024-05-14 21:03:29,2024-06-12 21:03:29
ADM000120,AKUN000120,ADM-2026-0120,active,2024-12-26 05:23:33,2024-12-26 05:23:33
ADM000121,AKUN000121,ADM-2026-0121,active,2026-02-19 12:28:39,2026-02-20 12:28:39
ADM000122,AKUN000122,ADM-2026-0122,active,2025-06-26 05:53:26,2025-06-28 05:53:26
ADM000123,AKUN000123,ADM-2026-0123,active,2024-12-12 06:34:10,2024-12-15 06:34:10
ADM000124,AKUN000124,ADM-2026-0124,active,2025-02-14 23:27:16,2025-02-18 23:27:16
ADM000125,AKUN000125,ADM-2026-0125,active,2024-11-26 02:33:07,2024-12-01 02:33:07
ADM000126,AKUN000126,ADM-2026-0126,active,2024-07-01 14:58:01,2024-07-07 14:58:01
ADM000127,AKUN000127,ADM-2026-0127,active,2024-04-15 12:01:26,2024-04-22 12:01:26
ADM000128,AKUN000128,ADM-2026-0128,active,2024-12-13 09:54:16,2024-12-21 09:54:16
ADM000129,AKUN000129,ADM-2026-0129,active,2024-02-17 09:33:42,2024-02-26 09:33:42
ADM000130,AKUN000130,ADM-2026-0130,active,2024-03-24 13:25:55,2024-04-03 13:25:55
ADM000131,AKUN000131,ADM-2026-0131,active,2025-04-11 17:36:39,2025-04-22 17:36:39
ADM000132,AKUN000132,ADM-2026-0132,active,2026-04-17 15:08:17,2026-04-29 15:08:17
ADM000133,AKUN000133,ADM-2026-0133,active,2025-10-02 13:46:43,2025-10-15 13:46:43
ADM000134,AKUN000134,ADM-2026-0134,active,2024-05-11 12:36:14,2024-05-25 12:36:14
ADM000135,AKUN000135,ADM-2026-0135,active,2024-09-23 12:00:57,2024-10-08 12:00:57
ADM000136,AKUN000136,ADM-2026-0136,active,2025-02-04 22:23:16,2025-02-20 22:23:16
ADM000137,AKUN000137,ADM-2026-0137,active,2025-04-11 05:34:01,2025-04-28 05:34:01
ADM000138,AKUN000138,ADM-2026-0138,inactive,2025-09-26 22:27:10,2025-10-14 22:27:10
ADM000139,AKUN000139,ADM-2026-0139,active,2024-04-16 18:10:21,2024-05-05 18:10:21
ADM000140,AKUN000140,ADM-2026-0140,active,2026-04-28 18:40:43,2026-05-18 18:40:43
ADM000141,AKUN000141,ADM-2026-0141,active,2024-05-28 10:33:19,2024-06-18 10:33:19
ADM000142,AKUN000142,ADM-2026-0142,active,2024-07-16 15:36:47,2024-08-07 15:36:47
ADM000143,AKUN000143,ADM-2026-0143,active,2024-11-10 21:53:40,2024-12-03 21:53:40
ADM000144,AKUN000144,ADM-2026-0144,active,2025-11-20 03:55:16,2025-12-14 03:55:16
ADM000145,AKUN000145,ADM-2026-0145,active,2025-02-19 21:23:21,2025-03-16 21:23:21
ADM000146,AKUN000146,ADM-2026-0146,active,2024-12-14 05:41:15,2025-01-09 05:41:15
ADM000147,AKUN000147,ADM-2026-0147,active,2025-08-06 13:15:09,2025-09-02 13:15:09
ADM000148,AKUN000148,ADM-2026-0148,active,2025-05-10 07:44:57,2025-06-07 07:44:57
ADM000149,AKUN000149,ADM-2026-0149,active,2025-08-05 06:43:45,2025-09-03 06:43:45
ADM000150,AKUN000150,ADM-2026-0150,active,2024-03-01 08:51:38,2024-03-01 08:51:38
ADM000151,AKUN000151,ADM-2026-0151,active,2024-06-26 10:20:11,2024-06-27 10:20:11
ADM000152,AKUN000152,ADM-2026-0152,active,2025-05-12 16:11:49,2025-05-14 16:11:49
ADM000153,AKUN000153,ADM-2026-0153,active,2025-01-05 17:26:01,2025-01-08 17:26:01
ADM000154,AKUN000154,ADM-2026-0154,active,2025-11-29 10:49:03,2025-12-03 10:49:03
ADM000155,AKUN000155,ADM-2026-0155,active,2025-12-09 03:19:32,2025-12-14 03:19:32
ADM000156,AKUN000156,ADM-2026-0156,active,2024-02-05 07:17:55,2024-02-11 07:17:55
ADM000157,AKUN000157,ADM-2026-0157,active,2024-01-08 21:35:11,2024-01-15 21:35:11
ADM000158,AKUN000158,ADM-2026-0158,active,2024-04-15 10:39:15,2024-04-23 10:39:15
ADM000159,AKUN000159,ADM-2026-0159,active,2026-04-03 23:32:08,2026-04-12 23:32:08
ADM000160,AKUN000160,ADM-2026-0160,active,2025-01-04 17:24:49,2025-01-14 17:24:49
ADM000161,AKUN000161,ADM-2026-0161,inactive,2025-05-18 22:13:34,2025-05-29 22:13:34
ADM000162,AKUN000162,ADM-2026-0162,active,2025-03-18 14:03:00,2025-03-30 14:03:00
ADM000163,AKUN000163,ADM-2026-0163,active,2024-01-31 08:39:42,2024-02-13 08:39:42
ADM000164,AKUN000164,ADM-2026-0164,active,2024-04-24 00:21:48,2024-05-08 00:21:48
ADM000165,AKUN000165,ADM-2026-0165,active,2025-04-30 12:28:04,2025-05-15 12:28:04
ADM000166,AKUN000166,ADM-2026-0166,active,2025-03-18 13:23:10,2025-04-03 13:23:10
ADM000167,AKUN000167,ADM-2026-0167,active,2025-10-16 23:38:31,2025-11-02 23:38:31
ADM000168,AKUN000168,ADM-2026-0168,active,2025-05-27 08:00:19,2025-06-14 08:00:19
ADM000169,AKUN000169,ADM-2026-0169,active,2024-05-15 09:57:59,2024-06-03 09:57:59
ADM000170,AKUN000170,ADM-2026-0170,active,2025-06-17 03:21:54,2025-07-07 03:21:54
ADM000171,AKUN000171,ADM-2026-0171,active,2024-07-23 21:55:09,2024-08-13 21:55:09
ADM000172,AKUN000172,ADM-2026-0172,active,2025-02-22 13:51:51,2025-03-16 13:51:51
ADM000173,AKUN000173,ADM-2026-0173,active,2025-04-05 19:17:38,2025-04-28 19:17:38
ADM000174,AKUN000174,ADM-2026-0174,active,2024-11-20 04:36:19,2024-12-14 04:36:19
ADM000175,AKUN000175,ADM-2026-0175,active,2025-09-22 03:09:45,2025-10-17 03:09:45
ADM000176,AKUN000176,ADM-2026-0176,active,2024-11-02 01:46:03,2024-11-28 01:46:03
ADM000177,AKUN000177,ADM-2026-0177,active,2025-11-02 19:14:46,2025-11-29 19:14:46
ADM000178,AKUN000178,ADM-2026-0178,active,2024-02-15 06:24:21,2024-03-14 06:24:21
ADM000179,AKUN000179,ADM-2026-0179,active,2025-05-09 05:57:49,2025-06-07 05:57:49
ADM000180,AKUN000180,ADM-2026-0180,active,2025-11-11 16:20:15,2025-11-11 16:20:15
ADM000181,AKUN000181,ADM-2026-0181,active,2025-11-17 05:17:02,2025-11-18 05:17:02
ADM000182,AKUN000182,ADM-2026-0182,active,2025-06-01 19:21:08,2025-06-03 19:21:08
ADM000183,AKUN000183,ADM-2026-0183,active,2025-03-26 03:15:31,2025-03-29 03:15:31
ADM000184,AKUN000184,ADM-2026-0184,inactive,2025-09-08 05:48:48,2025-09-12 05:48:48
ADM000185,AKUN000185,ADM-2026-0185,active,2025-02-18 02:51:29,2025-02-23 02:51:29
ADM000186,AKUN000186,ADM-2026-0186,active,2025-08-03 00:23:38,2025-08-09 00:23:38
ADM000187,AKUN000187,ADM-2026-0187,active,2024-09-27 14:35:20,2024-10-04 14:35:20
ADM000188,AKUN000188,ADM-2026-0188,active,2025-11-13 13:49:31,2025-11-21 13:49:31
ADM000189,AKUN000189,ADM-2026-0189,active,2024-11-23 23:37:59,2024-12-02 23:37:59
ADM000190,AKUN000190,ADM-2026-0190,active,2024-02-16 08:27:14,2024-02-26 08:27:14
ADM000191,AKUN000191,ADM-2026-0191,active,2024-09-09 04:51:23,2024-09-20 04:51:23
ADM000192,AKUN000192,ADM-2026-0192,active,2025-08-05 16:55:49,2025-08-17 16:55:49
ADM000193,AKUN000193,ADM-2026-0193,active,2025-03-04 12:36:50,2025-03-17 12:36:50
ADM000194,AKUN000194,ADM-2026-0194,active,2025-04-02 09:06:21,2025-04-16 09:06:21
ADM000195,AKUN000195,ADM-2026-0195,active,2024-02-26 20:40:21,2024-03-12 20:40:21
ADM000196,AKUN000196,ADM-2026-0196,active,2024-02-03 03:59:55,2024-02-19 03:59:55
ADM000197,AKUN000197,ADM-2026-0197,active,2024-03-09 04:26:36,2024-03-26 04:26:36
ADM000198,AKUN000198,ADM-2026-0198,active,2025-11-13 12:59:16,2025-12-01 12:59:16
ADM000199,AKUN000199,ADM-2026-0199,active,2026-01-21 13:00:41,2026-02-09 13:00:41
ADM000200,AKUN000200,ADM-2026-0200,active,2025-03-26 00:14:38,2025-04-15 00:14:38
ADM000201,AKUN000201,ADM-2026-0201,active,2024-08-10 06:05:54,2024-08-31 06:05:54
ADM000202,AKUN000202,ADM-2026-0202,active,2025-06-10 20:59:44,2025-07-02 20:59:44
ADM000203,AKUN000203,ADM-2026-0203,active,2024-06-05 08:05:32,2024-06-28 08:05:32
ADM000204,AKUN000204,ADM-2026-0204,active,2026-01-04 14:26:56,2026-01-28 14:26:56
ADM000205,AKUN000205,ADM-2026-0205,active,2025-06-09 13:20:35,2025-07-04 13:20:35
ADM000206,AKUN000206,ADM-2026-0206,active,2024-07-10 12:06:06,2024-08-05 12:06:06
ADM000207,AKUN000207,ADM-2026-0207,inactive,2024-10-23 08:17:37,2024-11-19 08:17:37
ADM000208,AKUN000208,ADM-2026-0208,active,2025-04-22 06:01:57,2025-05-20 06:01:57
ADM000209,AKUN000209,ADM-2026-0209,active,2026-02-11 08:10:22,2026-03-12 08:10:22
ADM000210,AKUN000210,ADM-2026-0210,active,2025-06-20 12:42:56,2025-06-20 12:42:56
ADM000211,AKUN000211,ADM-2026-0211,active,2025-03-18 12:00:13,2025-03-19 12:00:13
ADM000212,AKUN000212,ADM-2026-0212,active,2025-09-04 02:53:46,2025-09-06 02:53:46
ADM000213,AKUN000213,ADM-2026-0213,active,2025-06-28 14:39:10,2025-07-01 14:39:10
ADM000214,AKUN000214,ADM-2026-0214,active,2024-01-04 22:39:02,2024-01-08 22:39:02
ADM000215,AKUN000215,ADM-2026-0215,active,2025-09-01 15:07:15,2025-09-06 15:07:15
ADM000216,AKUN000216,ADM-2026-0216,active,2026-02-24 16:17:24,2026-03-02 16:17:24
ADM000217,AKUN000217,ADM-2026-0217,active,2024-09-18 16:55:11,2024-09-25 16:55:11
ADM000218,AKUN000218,ADM-2026-0218,active,2024-11-03 20:51:05,2024-11-11 20:51:05
ADM000219,AKUN000219,ADM-2026-0219,active,2024-09-12 17:10:01,2024-09-21 17:10:01
ADM000220,AKUN000220,ADM-2026-0220,active,2024-05-04 02:35:19,2024-05-14 02:35:19
ADM000221,AKUN000221,ADM-2026-0221,active,2026-03-04 20:55:16,2026-03-15 20:55:16
ADM000222,AKUN000222,ADM-2026-0222,active,2026-02-28 19:37:06,2026-03-12 19:37:06
ADM000223,AKUN000223,ADM-2026-0223,active,2024-05-15 02:38:37,2024-05-28 02:38:37
ADM000224,AKUN000224,ADM-2026-0224,active,2025-10-08 12:08:16,2025-10-22 12:08:16
ADM000225,AKUN000225,ADM-2026-0225,active,2025-02-13 15:19:19,2025-02-28 15:19:19
ADM000226,AKUN000226,ADM-2026-0226,active,2025-04-24 12:33:38,2025-05-10 12:33:38
ADM000227,AKUN000227,ADM-2026-0227,active,2024-01-03 14:27:21,2024-01-20 14:27:21
ADM000228,AKUN000228,ADM-2026-0228,active,2025-07-22 12:38:17,2025-08-09 12:38:17
ADM000229,AKUN000229,ADM-2026-0229,active,2025-05-25 05:50:19,2025-06-13 05:50:19
ADM000230,AKUN000230,ADM-2026-0230,inactive,2025-09-22 16:28:20,2025-10-12 16:28:20
ADM000231,AKUN000231,ADM-2026-0231,active,2025-11-11 01:54:22,2025-12-02 01:54:22
ADM000232,AKUN000232,ADM-2026-0232,active,2025-05-15 05:33:30,2025-06-06 05:33:30
ADM000233,AKUN000233,ADM-2026-0233,active,2024-06-06 01:38:59,2024-06-29 01:38:59
ADM000234,AKUN000234,ADM-2026-0234,active,2024-03-29 02:35:24,2024-04-22 02:35:24
ADM000235,AKUN000235,ADM-2026-0235,active,2025-01-21 08:47:10,2025-02-15 08:47:10
ADM000236,AKUN000236,ADM-2026-0236,active,2025-07-29 02:15:37,2025-08-24 02:15:37
ADM000237,AKUN000237,ADM-2026-0237,active,2024-08-12 05:41:09,2024-09-08 05:41:09
ADM000238,AKUN000238,ADM-2026-0238,active,2024-08-12 12:12:57,2024-09-09 12:12:57
ADM000239,AKUN000239,ADM-2026-0239,active,2026-01-13 01:26:25,2026-02-11 01:26:25
ADM000240,AKUN000240,ADM-2026-0240,active,2024-01-26 17:14:37,2024-01-26 17:14:37
ADM000241,AKUN000241,ADM-2026-0241,active,2024-01-18 05:11:33,2024-01-19 05:11:33
ADM000242,AKUN000242,ADM-2026-0242,active,2025-10-31 10:07:37,2025-11-02 10:07:37
ADM000243,AKUN000243,ADM-2026-0243,active,2025-02-06 03:23:30,2025-02-09 03:23:30
ADM000244,AKUN000244,ADM-2026-0244,active,2025-12-01 17:54:14,2025-12-05 17:54:14
ADM000245,AKUN000245,ADM-2026-0245,active,2024-10-16 07:24:24,2024-10-21 07:24:24
ADM000246,AKUN000246,ADM-2026-0246,active,2025-10-23 09:40:31,2025-10-29 09:40:31
ADM000247,AKUN000247,ADM-2026-0247,active,2024-03-01 17:51:17,2024-03-08 17:51:17
ADM000248,AKUN000248,ADM-2026-0248,active,2026-02-13 00:16:55,2026-02-21 00:16:55
ADM000249,AKUN000249,ADM-2026-0249,active,2026-03-02 06:51:40,2026-03-11 06:51:40
ADM000250,AKUN000250,ADM-2026-0250,active,2025-10-03 03:13:19,2025-10-13 03:13:19
