mitra_id,bentuk_dukungan_id,created_at
MTR000001,BD03,2025-03-20 03:08:36
MTR000001,BD11,2025-03-20 03:08:36
MTR000002,BD04,2024-11-23 23:07:57
MTR000002,BD09,2024-11-23 23:07:57
MTR000002,BD08,2024-11-23 23:07:57
MTR000003,BD11,2024-09-18 03:25:44
MTR000003,BD06,2024-09-18 03:25:44
MTR000004,BD09,2025-04-01 01:56:38
MTR000004,BD06,2025-04-01 01:56:38
MTR000005,BD03,2026-04-20 08:49:37
MTR000005,BD09,2026-04-20 08:49:37
MTR000005,BD04,2026-04-20 08:49:37
MTR000006,BD03,2026-05-13 17:46:14
MTR000006,BD04,2026-05-13 17:46:14
MTR000007,BD09,2024-06-20 10:57:37
MTR000007,BD03,2024-06-20 10:57:37
MTR000007,BD10,2024-06-20 10:57:37
MTR000007,BD06,2024-06-20 10:57:37
MTR000008,BD06,2026-02-10 14:51:43
MTR000008,BD03,2026-02-10 14:51:43
MTR000008,BD09,2026-02-10 14:51:43
MTR000008,BD04,2026-02-10 14:51:43
MTR000009,BD03,2025-10-02 04:28:26
MTR000009,BD11,2025-10-02 04:28:26
MTR000010,BD03,2025-03-24 09:21:42
MTR000010,BD04,2025-03-24 09:21:42
MTR000010,BD09,2025-03-24 09:21:42
MTR000011,BD03,2025-04-22 23:40:45
MTR000011,BD04,2025-04-22 23:40:45
MTR000011,BD12,2025-04-22 23:40:45
MTR000011,BD09,2025-04-22 23:40:45
MTR000012,BD06,2025-12-26 20:41:44
MTR000012,BD04,2025-12-26 20:41:44
MTR000012,BD03,2025-12-26 20:41:44
MTR000013,BD01,2025-01-26 10:07:36
MTR000013,BD03,2025-01-26 10:07:36
MTR000014,BD03,2026-03-02 03:31:00
MTR000014,BD12,2026-03-02 03:31:00
MTR000014,BD04,2026-03-02 03:31:00
MTR000014,BD08,2026-03-02 03:31:00
MTR000015,BD03,2026-04-27 04:32:58
MTR000015,BD02,2026-04-27 04:32:58
MTR000016,BD03,2024-07-20 21:29:24
MTR000016,BD09,2024-07-20 21:29:24
MTR000016,BD10,2024-07-20 21:29:24
MTR000017,BD03,2024-02-29 06:25:02
MTR000017,BD09,2024-02-29 06:25:02
MTR000017,BD04,2024-02-29 06:25:02
MTR000018,BD05,2025-07-24 13:29:14
MTR000018,BD03,2025-07-24 13:29:14
MTR000018,BD01,2025-07-24 13:29:14
MTR000019,BD11,2026-04-03 09:19:35
MTR000019,BD02,2026-04-03 09:19:35
MTR000019,BD03,2026-04-03 09:19:35
MTR000020,BD11,2024-11-01 01:13:39
MTR000020,BD03,2024-11-01 01:13:39
MTR000020,BD09,2024-11-01 01:13:39
MTR000020,BD06,2024-11-01 01:13:39
MTR000021,BD06,2026-02-25 01:44:06
MTR000021,BD03,2026-02-25 01:44:06
MTR000021,BD01,2026-02-25 01:44:06
MTR000022,BD09,2025-10-15 06:52:19
MTR000022,BD03,2025-10-15 06:52:19
MTR000023,BD10,2025-12-21 04:55:28
MTR000023,BD11,2025-12-21 04:55:28
MTR000023,BD03,2025-12-21 04:55:28
MTR000024,BD06,2025-03-09 01:41:43
MTR000024,BD11,2025-03-09 01:41:43
MTR000024,BD03,2025-03-09 01:41:43
MTR000025,BD03,2024-10-09 16:26:11
MTR000025,BD08,2024-10-09 16:26:11
MTR000025,BD04,2024-10-09 16:26:11
MTR000026,BD08,2025-06-21 14:46:16
MTR000026,BD03,2025-06-21 14:46:16
MTR000027,BD03,2024-05-17 03:46:44
MTR000027,BD04,2024-05-17 03:46:44
MTR000028,BD05,2026-02-08 13:30:13
MTR000028,BD11,2026-02-08 13:30:13
MTR000029,BD12,2025-02-28 13:21:06
MTR000029,BD08,2025-02-28 13:21:06
MTR000030,BD03,2025-10-19 06:47:05
MTR000031,BD03,2024-12-14 15:36:21
MTR000031,BD05,2024-12-14 15:36:21
MTR000032,BD03,2024-09-19 16:47:56
MTR000032,BD10,2024-09-19 16:47:56
MTR000032,BD06,2024-09-19 16:47:56
MTR000033,BD03,2025-02-12 00:12:44
MTR000034,BD09,2026-05-08 15:33:25
MTR000034,BD03,2026-05-08 15:33:25
MTR000034,BD02,2026-05-08 15:33:25
MTR000035,BD03,2025-05-26 07:19:10
MTR000035,BD09,2025-05-26 07:19:10
MTR000036,BD03,2025-03-09 19:34:20
MTR000036,BD04,2025-03-09 19:34:20
MTR000036,BD08,2025-03-09 19:34:20
MTR000037,BD03,2024-02-23 12:23:29
MTR000037,BD05,2024-02-23 12:23:29
MTR000037,BD06,2024-02-23 12:23:29
MTR000038,BD09,2024-06-02 03:53:54
MTR000038,BD12,2024-06-02 03:53:54
MTR000038,BD03,2024-06-02 03:53:54
MTR000038,BD04,2024-06-02 03:53:54
MTR000039,BD12,2024-12-29 17:51:08
MTR000039,BD04,2024-12-29 17:51:08
MTR000040,BD03,2024-10-27 15:07:19
MTR000040,BD02,2024-10-27 15:07:19
MTR000040,BD08,2024-10-27 15:07:19
MTR000041,BD11,2025-05-22 19:13:10
MTR000041,BD03,2025-05-22 19:13:10
MTR000041,BD09,2025-05-22 19:13:10
MTR000041,BD06,2025-05-22 19:13:10
MTR000042,BD08,2025-03-12 00:51:45
MTR000042,BD03,2025-03-12 00:51:45
MTR000043,BD03,2024-08-31 01:23:09
MTR000043,BD08,2024-08-31 01:23:09
MTR000044,BD08,2024-11-08 06:16:26
MTR000044,BD12,2024-11-08 06:16:26
MTR000044,BD09,2024-11-08 06:16:26
MTR000044,BD03,2024-11-08 06:16:26
MTR000045,BD09,2024-08-26 18:00:59
MTR000045,BD11,2024-08-26 18:00:59
MTR000045,BD03,2024-08-26 18:00:59
MTR000046,BD09,2026-03-13 11:26:27
MTR000046,BD12,2026-03-13 11:26:27
MTR000046,BD08,2026-03-13 11:26:27
MTR000046,BD04,2026-03-13 11:26:27
MTR000047,BD03,2024-01-11 23:05:49
MTR000047,BD12,2024-01-11 23:05:49
MTR000047,BD04,2024-01-11 23:05:49
MTR000048,BD03,2024-07-21 08:44:53
MTR000048,BD09,2024-07-21 08:44:53
MTR000049,BD11,2025-11-10 17:25:59
MTR000049,BD08,2025-11-10 17:25:59
MTR000050,BD03,2025-06-18 14:27:23
MTR000050,BD06,2025-06-18 14:27:23
MTR000050,BD05,2025-06-18 14:27:23
MTR000051,BD03,2025-08-11 06:49:06
MTR000051,BD09,2025-08-11 06:49:06
MTR000052,BD03,2024-01-17 06:16:41
MTR000052,BD06,2024-01-17 06:16:41
MTR000053,BD03,2025-12-30 02:45:27
MTR000053,BD06,2025-12-30 02:45:27
MTR000054,BD07,2026-04-01 15:59:08
MTR000054,BD09,2026-04-01 15:59:08
MTR000054,BD11,2026-04-01 15:59:08
MTR000055,BD03,2024-08-07 13:21:44
MTR000056,BD08,2025-05-04 07:00:18
MTR000056,BD04,2025-05-04 07:00:18
MTR000056,BD03,2025-05-04 07:00:18
MTR000057,BD03,2025-06-22 20:44:59
MTR000057,BD04,2025-06-22 20:44:59
MTR000057,BD08,2025-06-22 20:44:59
MTR000058,BD03,2026-05-21 04:05:43
MTR000058,BD02,2026-05-21 04:05:43
MTR000058,BD08,2026-05-21 04:05:43
MTR000058,BD09,2026-05-21 04:05:43
MTR000059,BD05,2025-09-07 01:02:30
MTR000059,BD09,2025-09-07 01:02:30
MTR000059,BD11,2025-09-07 01:02:30
MTR000060,BD09,2026-05-20 09:13:46
MTR000060,BD04,2026-05-20 09:13:46
MTR000060,BD06,2026-05-20 09:13:46
MTR000061,BD03,2025-07-16 12:49:28
MTR000061,BD08,2025-07-16 12:49:28
MTR000062,BD02,2026-04-03 05:25:50
MTR000062,BD03,2026-04-03 05:25:50
MTR000063,BD03,2026-01-20 21:48:06
MTR000063,BD09,2026-01-20 21:48:06
MTR000064,BD03,2026-05-02 09:36:29
MTR000065,BD03,2024-07-22 12:54:35
MTR000065,BD09,2024-07-22 12:54:35
MTR000066,BD03,2024-06-14 16:03:06
MTR000066,BD11,2024-06-14 16:03:06
MTR000067,BD05,2024-01-30 22:17:45
MTR000067,BD03,2024-01-30 22:17:45
MTR000068,BD03,2025-02-10 03:29:44
MTR000068,BD08,2025-02-10 03:29:44
MTR000069,BD03,2024-03-24 15:50:31
MTR000069,BD08,2024-03-24 15:50:31
MTR000069,BD09,2024-03-24 15:50:31
MTR000070,BD03,2024-06-28 00:51:32
MTR000070,BD08,2024-06-28 00:51:32
MTR000071,BD03,2025-06-13 07:25:20
MTR000071,BD12,2025-06-13 07:25:20
MTR000071,BD09,2025-06-13 07:25:20
MTR000072,BD03,2024-06-30 02:39:38
MTR000073,BD03,2025-08-20 20:06:45
MTR000073,BD08,2025-08-20 20:06:45
MTR000074,BD09,2026-02-13 11:28:05
MTR000074,BD03,2026-02-13 11:28:05
MTR000075,BD03,2025-05-19 10:43:02
MTR000076,BD11,2025-10-26 11:26:44
MTR000076,BD03,2025-10-26 11:26:44
MTR000076,BD09,2025-10-26 11:26:44
MTR000077,BD11,2024-06-10 16:51:45
MTR000078,BD03,2025-11-13 12:15:40
MTR000078,BD09,2025-11-13 12:15:40
MTR000078,BD02,2025-11-13 12:15:40
MTR000078,BD08,2025-11-13 12:15:40
MTR000079,BD09,2024-10-05 06:31:00
MTR000079,BD03,2024-10-05 06:31:00
MTR000080,BD08,2025-12-14 19:15:45
MTR000080,BD09,2025-12-14 19:15:45
MTR000081,BD03,2025-04-15 16:57:38
MTR000081,BD04,2025-04-15 16:57:38
MTR000081,BD09,2025-04-15 16:57:38
MTR000082,BD09,2024-11-04 02:03:34
MTR000082,BD06,2024-11-04 02:03:34
MTR000083,BD11,2025-07-07 13:30:28
MTR000083,BD03,2025-07-07 13:30:28
MTR000083,BD09,2025-07-07 13:30:28
MTR000083,BD06,2025-07-07 13:30:28
MTR000084,BD03,2025-08-15 03:10:02
MTR000084,BD04,2025-08-15 03:10:02
MTR000084,BD09,2025-08-15 03:10:02
MTR000084,BD08,2025-08-15 03:10:02
MTR000085,BD08,2025-10-02 14:57:06
MTR000085,BD03,2025-10-02 14:57:06
MTR000086,BD04,2026-01-17 17:55:01
MTR000086,BD03,2026-01-17 17:55:01
MTR000087,BD03,2026-02-02 23:44:45
MTR000087,BD11,2026-02-02 23:44:45
MTR000087,BD09,2026-02-02 23:44:45
MTR000088,BD11,2025-08-29 04:15:27
MTR000088,BD09,2025-08-29 04:15:27
MTR000088,BD03,2025-08-29 04:15:27
MTR000089,BD09,2024-02-27 01:39:58
MTR000089,BD04,2024-02-27 01:39:58
MTR000089,BD12,2024-02-27 01:39:58
MTR000089,BD03,2024-02-27 01:39:58
MTR000090,BD11,2026-01-26 10:56:25
MTR000090,BD09,2026-01-26 10:56:25
MTR000090,BD10,2026-01-26 10:56:25
MTR000091,BD05,2024-10-03 13:27:07
MTR000091,BD03,2024-10-03 13:27:07
MTR000091,BD09,2024-10-03 13:27:07
MTR000092,BD10,2026-04-05 20:23:17
MTR000092,BD03,2026-04-05 20:23:17
MTR000093,BD06,2025-11-13 15:59:17
MTR000093,BD03,2025-11-13 15:59:17
MTR000094,BD10,2024-06-29 00:37:48
MTR000094,BD11,2024-06-29 00:37:48
MTR000095,BD11,2024-03-18 10:39:10
MTR000095,BD09,2024-03-18 10:39:10
MTR000095,BD03,2024-03-18 10:39:10
MTR000096,BD09,2026-04-11 14:32:10
MTR000096,BD03,2026-04-11 14:32:10
MTR000097,BD03,2025-04-22 23:43:58
MTR000097,BD04,2025-04-22 23:43:58
MTR000097,BD06,2025-04-22 23:43:58
MTR000098,BD07,2024-07-26 20:25:55
MTR000098,BD03,2024-07-26 20:25:55
MTR000098,BD10,2024-07-26 20:25:55
MTR000099,BD06,2024-11-01 02:13:07
MTR000099,BD03,2024-11-01 02:13:07
MTR000099,BD11,2024-11-01 02:13:07
MTR000100,BD09,2025-11-04 17:56:03
MTR000100,BD03,2025-11-04 17:56:03
MTR000101,BD09,2024-05-14 07:01:05
MTR000101,BD03,2024-05-14 07:01:05
MTR000102,BD09,2024-12-08 05:18:11
MTR000102,BD10,2024-12-08 05:18:11
MTR000102,BD11,2024-12-08 05:18:11
MTR000103,BD06,2024-03-27 20:36:53
MTR000103,BD03,2024-03-27 20:36:53
MTR000103,BD09,2024-03-27 20:36:53
MTR000104,BD03,2026-03-25 00:04:18
MTR000105,BD08,2025-08-12 21:26:55
MTR000105,BD03,2025-08-12 21:26:55
MTR000106,BD03,2024-07-12 18:58:44
MTR000106,BD09,2024-07-12 18:58:44
MTR000107,BD03,2024-08-12 10:55:33
MTR000107,BD04,2024-08-12 10:55:33
MTR000107,BD09,2024-08-12 10:55:33
MTR000108,BD03,2024-03-16 12:42:57
MTR000108,BD04,2024-03-16 12:42:57
MTR000109,BD03,2024-01-27 12:15:43
MTR000109,BD02,2024-01-27 12:15:43
MTR000109,BD09,2024-01-27 12:15:43
MTR000109,BD08,2024-01-27 12:15:43
MTR000110,BD03,2025-11-20 08:17:12
MTR000110,BD09,2025-11-20 08:17:12
MTR000111,BD03,2025-11-21 17:48:03
MTR000111,BD04,2025-11-21 17:48:03
MTR000112,BD09,2025-01-15 19:10:32
MTR000112,BD05,2025-01-15 19:10:32
MTR000113,BD07,2025-07-28 03:16:12
MTR000113,BD10,2025-07-28 03:16:12
MTR000113,BD11,2025-07-28 03:16:12
MTR000114,BD03,2024-07-04 01:32:57
MTR000115,BD02,2025-06-15 08:13:34
MTR000115,BD03,2025-06-15 08:13:34
MTR000116,BD03,2026-03-12 05:44:39
MTR000116,BD02,2026-03-12 05:44:39
MTR000117,BD03,2025-04-20 12:47:41
MTR000117,BD09,2025-04-20 12:47:41
MTR000117,BD08,2025-04-20 12:47:41
MTR000118,BD09,2025-01-18 14:27:49
MTR000118,BD06,2025-01-18 14:27:49
MTR000119,BD09,2026-04-10 07:26:02
MTR000119,BD10,2026-04-10 07:26:02
MTR000119,BD07,2026-04-10 07:26:02
MTR000120,BD04,2024-12-29 01:10:53
MTR000120,BD09,2024-12-29 01:10:53
MTR000120,BD08,2024-12-29 01:10:53
MTR000121,BD11,2025-04-17 13:06:28
MTR000121,BD03,2025-04-17 13:06:28
MTR000122,BD11,2025-08-08 18:59:14
MTR000122,BD03,2025-08-08 18:59:14
MTR000122,BD06,2025-08-08 18:59:14
MTR000123,BD03,2024-11-03 22:25:05
MTR000123,BD08,2024-11-03 22:25:05
MTR000124,BD03,2026-05-12 08:47:40
MTR000124,BD06,2026-05-12 08:47:40
MTR000124,BD11,2026-05-12 08:47:40
MTR000124,BD05,2026-05-12 08:47:40
MTR000125,BD04,2025-06-03 10:18:43
MTR000125,BD08,2025-06-03 10:18:43
MTR000125,BD09,2025-06-03 10:18:43
MTR000126,BD08,2025-04-20 21:33:08
MTR000126,BD09,2025-04-20 21:33:08
MTR000127,BD03,2024-11-28 14:00:11
MTR000128,BD03,2025-12-26 00:47:20
MTR000128,BD04,2025-12-26 00:47:20
MTR000129,BD04,2024-03-02 17:48:40
MTR000129,BD09,2024-03-02 17:48:40
MTR000129,BD06,2024-03-02 17:48:40
MTR000129,BD03,2024-03-02 17:48:40
MTR000130,BD03,2025-03-09 08:50:26
MTR000130,BD02,2025-03-09 08:50:26
MTR000130,BD08,2025-03-09 08:50:26
MTR000131,BD11,2025-06-15 06:58:35
MTR000131,BD03,2025-06-15 06:58:35
MTR000131,BD05,2025-06-15 06:58:35
MTR000132,BD03,2026-04-21 01:01:21
MTR000132,BD09,2026-04-21 01:01:21
MTR000133,BD08,2024-02-17 19:08:03
MTR000133,BD03,2024-02-17 19:08:03
MTR000133,BD09,2024-02-17 19:08:03
MTR000134,BD05,2025-02-05 19:59:39
MTR000134,BD03,2025-02-05 19:59:39
MTR000135,BD05,2025-12-23 18:31:38
MTR000135,BD09,2025-12-23 18:31:38
MTR000135,BD03,2025-12-23 18:31:38
MTR000136,BD03,2024-02-02 14:09:46
MTR000136,BD04,2024-02-02 14:09:46
MTR000136,BD06,2024-02-02 14:09:46
MTR000137,BD03,2024-07-20 07:10:51
MTR000137,BD04,2024-07-20 07:10:51
MTR000138,BD03,2024-06-26 07:15:54
MTR000138,BD04,2024-06-26 07:15:54
MTR000138,BD08,2024-06-26 07:15:54
MTR000138,BD09,2024-06-26 07:15:54
MTR000139,BD03,2025-03-11 08:55:07
MTR000139,BD09,2025-03-11 08:55:07
MTR000140,BD03,2024-03-31 01:57:40
MTR000140,BD07,2024-03-31 01:57:40
MTR000140,BD11,2024-03-31 01:57:40
MTR000140,BD10,2024-03-31 01:57:40
MTR000141,BD03,2025-12-21 17:25:32
MTR000141,BD04,2025-12-21 17:25:32
MTR000142,BD03,2025-12-02 22:13:27
MTR000142,BD11,2025-12-02 22:13:27
MTR000143,BD09,2024-08-04 13:54:55
MTR000143,BD03,2024-08-04 13:54:55
MTR000143,BD08,2024-08-04 13:54:55
MTR000144,BD04,2025-07-25 20:58:43
MTR000144,BD09,2025-07-25 20:58:43
MTR000145,BD05,2025-06-21 04:05:26
MTR000145,BD03,2025-06-21 04:05:26
MTR000145,BD01,2025-06-21 04:05:26
MTR000146,BD09,2024-09-24 23:50:08
MTR000146,BD03,2024-09-24 23:50:08
MTR000147,BD02,2024-12-19 01:09:06
MTR000147,BD03,2024-12-19 01:09:06
MTR000147,BD08,2024-12-19 01:09:06
MTR000148,BD04,2025-09-21 03:14:43
MTR000148,BD12,2025-09-21 03:14:43
MTR000148,BD03,2025-09-21 03:14:43
MTR000148,BD09,2025-09-21 03:14:43
MTR000149,BD11,2026-04-02 06:51:16
MTR000149,BD03,2026-04-02 06:51:16
MTR000150,BD07,2025-11-24 10:04:35
MTR000150,BD03,2025-11-24 10:04:35
MTR000150,BD10,2025-11-24 10:04:35
MTR000151,BD08,2024-06-10 13:01:34
MTR000151,BD12,2024-06-10 13:01:34
MTR000151,BD03,2024-06-10 13:01:34
MTR000151,BD04,2024-06-10 13:01:34
MTR000152,BD03,2026-03-24 01:21:49
MTR000153,BD03,2025-03-18 08:00:03
MTR000153,BD06,2025-03-18 08:00:03
MTR000154,BD08,2025-07-22 15:59:14
MTR000154,BD03,2025-07-22 15:59:14
MTR000155,BD06,2024-03-17 13:18:45
MTR000155,BD03,2024-03-17 13:18:45
MTR000156,BD06,2024-11-10 00:42:45
MTR000156,BD09,2024-11-10 00:42:45
MTR000156,BD05,2024-11-10 00:42:45
MTR000156,BD03,2024-11-10 00:42:45
MTR000157,BD09,2025-04-14 11:03:07
MTR000157,BD03,2025-04-14 11:03:07
MTR000157,BD02,2025-04-14 11:03:07
MTR000158,BD10,2024-04-20 03:19:23
MTR000158,BD03,2024-04-20 03:19:23
MTR000158,BD06,2024-04-20 03:19:23
MTR000159,BD11,2024-05-25 17:40:53
MTR000159,BD10,2024-05-25 17:40:53
MTR000159,BD06,2024-05-25 17:40:53
MTR000160,BD03,2024-12-31 18:13:52
MTR000160,BD06,2024-12-31 18:13:52
MTR000160,BD07,2024-12-31 18:13:52
MTR000161,BD04,2026-01-04 13:28:55
MTR000161,BD08,2026-01-04 13:28:55
MTR000162,BD11,2026-03-23 13:53:19
MTR000162,BD03,2026-03-23 13:53:19
MTR000162,BD09,2026-03-23 13:53:19
MTR000163,BD03,2024-10-31 19:42:43
MTR000163,BD06,2024-10-31 19:42:43
MTR000164,BD09,2024-10-05 03:27:33
MTR000164,BD12,2024-10-05 03:27:33
MTR000164,BD03,2024-10-05 03:27:33
MTR000165,BD12,2024-09-30 07:41:59
MTR000165,BD03,2024-09-30 07:41:59
MTR000165,BD09,2024-09-30 07:41:59
MTR000166,BD08,2024-04-24 15:51:37
MTR000166,BD03,2024-04-24 15:51:37
MTR000166,BD04,2024-04-24 15:51:37
MTR000167,BD03,2024-11-16 07:27:30
MTR000167,BD09,2024-11-16 07:27:30
MTR000168,BD05,2024-08-07 00:28:13
MTR000168,BD06,2024-08-07 00:28:13
MTR000168,BD09,2024-08-07 00:28:13
MTR000168,BD03,2024-08-07 00:28:13
MTR000169,BD06,2024-09-08 08:01:24
MTR000169,BD10,2024-09-08 08:01:24
MTR000169,BD07,2024-09-08 08:01:24
MTR000170,BD09,2025-01-26 05:34:51
MTR000170,BD06,2025-01-26 05:34:51
MTR000170,BD03,2025-01-26 05:34:51
MTR000171,BD09,2024-03-12 11:13:03
MTR000171,BD05,2024-03-12 11:13:03
MTR000171,BD02,2024-03-12 11:13:03
MTR000171,BD03,2024-03-12 11:13:03
MTR000172,BD04,2025-08-12 05:35:05
MTR000172,BD09,2025-08-12 05:35:05
MTR000172,BD03,2025-08-12 05:35:05
MTR000173,BD09,2026-02-25 04:59:14
MTR000173,BD11,2026-02-25 04:59:14
MTR000173,BD03,2026-02-25 04:59:14
MTR000174,BD09,2024-01-09 15:24:50
MTR000174,BD10,2024-01-09 15:24:50
MTR000175,BD03,2025-01-19 00:58:03
MTR000176,BD04,2025-10-07 06:44:10
MTR000176,BD03,2025-10-07 06:44:10
MTR000176,BD09,2025-10-07 06:44:10
MTR000177,BD03,2025-07-10 04:41:37
MTR000177,BD04,2025-07-10 04:41:37
MTR000178,BD08,2024-10-22 03:22:31
MTR000178,BD09,2024-10-22 03:22:31
MTR000178,BD04,2024-10-22 03:22:31
MTR000178,BD03,2024-10-22 03:22:31
MTR000179,BD09,2024-07-14 21:15:27
MTR000179,BD03,2024-07-14 21:15:27
MTR000179,BD07,2024-07-14 21:15:27
MTR000180,BD12,2025-06-11 04:20:37
MTR000180,BD03,2025-06-11 04:20:37
MTR000180,BD08,2025-06-11 04:20:37
MTR000180,BD09,2025-06-11 04:20:37
MTR000181,BD04,2024-10-02 05:58:08
MTR000181,BD08,2024-10-02 05:58:08
MTR000181,BD12,2024-10-02 05:58:08
MTR000182,BD10,2025-06-13 00:18:31
MTR000182,BD03,2025-06-13 00:18:31
MTR000182,BD11,2025-06-13 00:18:31
MTR000183,BD04,2025-11-19 04:36:11
MTR000183,BD03,2025-11-19 04:36:11
MTR000183,BD08,2025-11-19 04:36:11
MTR000184,BD09,2024-07-08 23:02:31
MTR000184,BD05,2024-07-08 23:02:31
MTR000185,BD12,2026-05-24 09:48:46
MTR000185,BD08,2026-05-24 09:48:46
MTR000185,BD09,2026-05-24 09:48:46
MTR000185,BD03,2026-05-24 09:48:46
MTR000186,BD10,2024-08-02 08:50:09
MTR000186,BD09,2024-08-02 08:50:09
MTR000186,BD03,2024-08-02 08:50:09
MTR000187,BD01,2025-05-09 21:45:00
MTR000187,BD09,2025-05-09 21:45:00
MTR000187,BD03,2025-05-09 21:45:00
MTR000187,BD05,2025-05-09 21:45:00
MTR000188,BD03,2024-12-01 13:52:20
MTR000189,BD03,2026-04-09 01:02:11
MTR000189,BD04,2026-04-09 01:02:11
MTR000190,BD05,2026-01-04 06:19:56
MTR000190,BD03,2026-01-04 06:19:56
MTR000191,BD01,2024-12-31 18:20:41
MTR000191,BD03,2024-12-31 18:20:41
MTR000192,BD03,2025-09-05 11:06:48
MTR000192,BD10,2025-09-05 11:06:48
MTR000193,BD05,2026-02-01 13:48:39
MTR000193,BD03,2026-02-01 13:48:39
MTR000194,BD03,2024-03-17 03:40:29
MTR000194,BD09,2024-03-17 03:40:29
MTR000194,BD04,2024-03-17 03:40:29
MTR000195,BD03,2025-10-02 02:06:07
MTR000195,BD02,2025-10-02 02:06:07
MTR000196,BD09,2026-03-29 11:04:56
MTR000196,BD07,2026-03-29 11:04:56
MTR000196,BD10,2026-03-29 11:04:56
MTR000196,BD03,2026-03-29 11:04:56
MTR000197,BD11,2026-05-17 17:55:38
MTR000197,BD03,2026-05-17 17:55:38
MTR000198,BD02,2025-04-30 21:40:41
MTR000198,BD03,2025-04-30 21:40:41
MTR000198,BD09,2025-04-30 21:40:41
MTR000199,BD05,2025-09-15 03:34:42
MTR000199,BD09,2025-09-15 03:34:42
MTR000199,BD03,2025-09-15 03:34:42
MTR000200,BD03,2024-02-09 22:46:51
MTR000200,BD05,2024-02-09 22:46:51
MTR000200,BD06,2024-02-09 22:46:51
MTR000201,BD04,2025-11-25 19:08:12
MTR000201,BD08,2025-11-25 19:08:12
MTR000201,BD03,2025-11-25 19:08:12
MTR000202,BD03,2025-11-26 01:18:00
MTR000202,BD06,2025-11-26 01:18:00
MTR000203,BD09,2024-12-28 06:50:55
MTR000203,BD03,2024-12-28 06:50:55
MTR000204,BD06,2025-03-19 05:09:16
MTR000204,BD11,2025-03-19 05:09:16
MTR000205,BD09,2024-08-13 13:49:28
MTR000205,BD07,2024-08-13 13:49:28
MTR000205,BD11,2024-08-13 13:49:28
MTR000206,BD06,2025-05-04 06:08:27
MTR000206,BD03,2025-05-04 06:08:27
MTR000207,BD03,2025-09-01 05:11:30
MTR000207,BD04,2025-09-01 05:11:30
MTR000208,BD11,2025-07-15 22:23:38
MTR000208,BD08,2025-07-15 22:23:38
MTR000208,BD03,2025-07-15 22:23:38
MTR000209,BD03,2025-10-16 17:03:42
MTR000209,BD04,2025-10-16 17:03:42
MTR000209,BD12,2025-10-16 17:03:42
MTR000209,BD09,2025-10-16 17:03:42
MTR000210,BD09,2025-09-24 20:31:24
MTR000210,BD04,2025-09-24 20:31:24
MTR000210,BD08,2025-09-24 20:31:24
MTR000210,BD03,2025-09-24 20:31:24
MTR000211,BD04,2025-02-10 02:02:50
MTR000211,BD09,2025-02-10 02:02:50
MTR000211,BD03,2025-02-10 02:02:50
MTR000212,BD06,2025-09-25 19:35:32
MTR000212,BD09,2025-09-25 19:35:32
MTR000212,BD03,2025-09-25 19:35:32
MTR000212,BD11,2025-09-25 19:35:32
MTR000213,BD01,2024-03-30 10:23:32
MTR000213,BD03,2024-03-30 10:23:32
MTR000213,BD06,2024-03-30 10:23:32
MTR000214,BD03,2026-04-25 06:48:15
MTR000214,BD05,2026-04-25 06:48:15
MTR000214,BD11,2026-04-25 06:48:15
MTR000215,BD06,2024-11-07 18:32:18
MTR000215,BD03,2024-11-07 18:32:18
MTR000215,BD11,2024-11-07 18:32:18
MTR000215,BD09,2024-11-07 18:32:18
MTR000216,BD04,2024-12-29 04:21:15
MTR000216,BD09,2024-12-29 04:21:15
MTR000217,BD03,2025-04-28 01:01:56
MTR000218,BD09,2026-02-27 04:00:19
MTR000218,BD03,2026-02-27 04:00:19
MTR000218,BD06,2026-02-27 04:00:19
MTR000219,BD08,2024-10-31 11:52:46
MTR000219,BD03,2024-10-31 11:52:46
MTR000220,BD03,2026-03-06 05:27:48
MTR000221,BD09,2026-02-19 14:30:43
MTR000221,BD08,2026-02-19 14:30:43
MTR000221,BD04,2026-02-19 14:30:43
MTR000221,BD03,2026-02-19 14:30:43
MTR000222,BD11,2025-08-02 04:26:45
MTR000222,BD03,2025-08-02 04:26:45
MTR000222,BD09,2025-08-02 04:26:45
MTR000223,BD03,2024-02-14 23:26:07
MTR000223,BD11,2024-02-14 23:26:07
MTR000223,BD10,2024-02-14 23:26:07
MTR000224,BD03,2025-12-20 01:54:32
MTR000225,BD03,2025-04-09 15:09:46
MTR000225,BD05,2025-04-09 15:09:46
MTR000226,BD03,2024-03-01 19:53:10
MTR000226,BD06,2024-03-01 19:53:10
MTR000226,BD09,2024-03-01 19:53:10
MTR000227,BD03,2024-12-24 10:18:34
MTR000227,BD06,2024-12-24 10:18:34
MTR000227,BD10,2024-12-24 10:18:34
MTR000228,BD03,2024-09-10 16:22:33
MTR000228,BD09,2024-09-10 16:22:33
MTR000229,BD03,2025-08-08 17:54:16
MTR000229,BD08,2025-08-08 17:54:16
MTR000230,BD09,2025-07-20 06:15:52
MTR000230,BD06,2025-07-20 06:15:52
MTR000231,BD06,2025-08-16 03:24:20
MTR000231,BD05,2025-08-16 03:24:20
MTR000232,BD11,2024-07-04 02:09:54
MTR000232,BD06,2024-07-04 02:09:54
MTR000232,BD03,2024-07-04 02:09:54
MTR000233,BD03,2024-06-13 03:33:12
MTR000233,BD06,2024-06-13 03:33:12
MTR000234,BD06,2025-02-05 05:10:31
MTR000234,BD09,2025-02-05 05:10:31
MTR000234,BD11,2025-02-05 05:10:31
MTR000235,BD03,2024-10-17 12:16:52
MTR000236,BD03,2025-03-27 22:34:55
MTR000236,BD12,2025-03-27 22:34:55
MTR000236,BD09,2025-03-27 22:34:55
MTR000237,BD03,2025-07-08 09:15:16
MTR000237,BD08,2025-07-08 09:15:16
MTR000238,BD04,2025-04-24 06:55:33
MTR000238,BD03,2025-04-24 06:55:33
MTR000239,BD09,2025-02-03 00:04:01
MTR000239,BD05,2025-02-03 00:04:01
MTR000239,BD06,2025-02-03 00:04:01
MTR000240,BD03,2025-03-25 22:49:59
MTR000240,BD11,2025-03-25 22:49:59
MTR000241,BD03,2025-10-21 10:39:54
MTR000241,BD08,2025-10-21 10:39:54
MTR000242,BD06,2024-05-23 08:58:17
MTR000242,BD03,2024-05-23 08:58:17
MTR000243,BD10,2025-04-07 15:22:33
MTR000243,BD07,2025-04-07 15:22:33
MTR000243,BD09,2025-04-07 15:22:33
MTR000243,BD03,2025-04-07 15:22:33
MTR000244,BD11,2026-05-28 04:26:24
MTR000244,BD03,2026-05-28 04:26:24
MTR000245,BD03,2025-04-07 11:08:34
MTR000245,BD04,2025-04-07 11:08:34
MTR000245,BD08,2025-04-07 11:08:34
MTR000246,BD09,2025-10-17 03:53:17
MTR000246,BD03,2025-10-17 03:53:17
MTR000247,BD08,2024-02-17 04:11:45
MTR000247,BD10,2024-02-17 04:11:45
MTR000247,BD11,2024-02-17 04:11:45
MTR000248,BD11,2025-05-11 22:15:23
MTR000248,BD03,2025-05-11 22:15:23
MTR000248,BD09,2025-05-11 22:15:23
MTR000248,BD06,2025-05-11 22:15:23
MTR000249,BD11,2025-11-04 10:46:42
MTR000249,BD06,2025-11-04 10:46:42
MTR000249,BD03,2025-11-04 10:46:42
MTR000250,BD04,2024-01-27 04:08:13
MTR000250,BD08,2024-01-27 04:08:13
MTR000251,BD11,2024-04-08 17:41:53
MTR000251,BD03,2024-04-08 17:41:53
MTR000251,BD06,2024-04-08 17:41:53
MTR000252,BD08,2025-11-21 17:01:16
MTR000252,BD03,2025-11-21 17:01:16
MTR000252,BD09,2025-11-21 17:01:16
MTR000253,BD02,2025-03-25 06:02:10
MTR000253,BD03,2025-03-25 06:02:10
MTR000254,BD03,2024-04-10 21:11:45
MTR000254,BD09,2024-04-10 21:11:45
MTR000254,BD04,2024-04-10 21:11:45
MTR000255,BD03,2025-06-18 00:42:55
MTR000256,BD03,2025-12-12 13:53:40
MTR000256,BD09,2025-12-12 13:53:40
MTR000257,BD03,2024-10-09 01:08:53
MTR000257,BD11,2024-10-09 01:08:53
MTR000257,BD09,2024-10-09 01:08:53
MTR000258,BD05,2026-04-03 20:33:31
MTR000258,BD01,2026-04-03 20:33:31
MTR000259,BD08,2025-03-06 07:21:55
MTR000259,BD03,2025-03-06 07:21:55
MTR000259,BD04,2025-03-06 07:21:55
MTR000260,BD11,2024-09-25 17:52:02
MTR000260,BD02,2024-09-25 17:52:02
MTR000260,BD03,2024-09-25 17:52:02
MTR000261,BD03,2024-12-12 08:41:58
MTR000261,BD06,2024-12-12 08:41:58
MTR000261,BD10,2024-12-12 08:41:58
MTR000262,BD06,2026-04-02 21:07:57
MTR000262,BD11,2026-04-02 21:07:57
MTR000262,BD03,2026-04-02 21:07:57
MTR000263,BD06,2024-02-26 10:10:48
MTR000263,BD11,2024-02-26 10:10:48
MTR000264,BD06,2026-02-26 06:00:58
MTR000264,BD09,2026-02-26 06:00:58
MTR000264,BD03,2026-02-26 06:00:58
MTR000265,BD11,2026-05-24 04:10:13
MTR000265,BD03,2026-05-24 04:10:13
MTR000266,BD03,2026-01-22 05:51:31
MTR000266,BD08,2026-01-22 05:51:31
MTR000266,BD09,2026-01-22 05:51:31
MTR000267,BD03,2026-03-29 04:53:29
MTR000267,BD09,2026-03-29 04:53:29
MTR000268,BD03,2024-09-04 01:01:11
MTR000268,BD09,2024-09-04 01:01:11
MTR000269,BD09,2025-01-03 09:53:33
MTR000269,BD02,2025-01-03 09:53:33
MTR000270,BD03,2024-04-04 00:54:36
MTR000270,BD11,2024-04-04 00:54:36
MTR000271,BD11,2024-08-21 07:14:33
MTR000271,BD05,2024-08-21 07:14:33
MTR000271,BD03,2024-08-21 07:14:33
MTR000272,BD09,2024-01-17 15:57:45
MTR000272,BD06,2024-01-17 15:57:45
MTR000272,BD03,2024-01-17 15:57:45
MTR000273,BD01,2024-01-27 23:31:50
MTR000273,BD03,2024-01-27 23:31:50
MTR000274,BD09,2025-08-09 01:40:58
MTR000274,BD11,2025-08-09 01:40:58
MTR000275,BD03,2025-11-06 04:41:58
MTR000275,BD04,2025-11-06 04:41:58
MTR000276,BD01,2025-01-10 09:53:43
MTR000276,BD05,2025-01-10 09:53:43
MTR000277,BD03,2025-04-23 12:42:29
MTR000277,BD07,2025-04-23 12:42:29
MTR000278,BD03,2024-11-06 09:21:23
MTR000278,BD06,2024-11-06 09:21:23
MTR000278,BD04,2024-11-06 09:21:23
MTR000279,BD12,2025-05-25 16:57:15
MTR000279,BD03,2025-05-25 16:57:15
MTR000280,BD04,2024-05-17 03:09:57
MTR000280,BD03,2024-05-17 03:09:57
MTR000281,BD03,2025-04-04 04:33:16
MTR000281,BD09,2025-04-04 04:33:16
MTR000281,BD04,2025-04-04 04:33:16
MTR000282,BD04,2024-12-22 05:01:11
MTR000282,BD03,2024-12-22 05:01:11
MTR000283,BD03,2024-04-10 07:43:05
MTR000284,BD03,2024-05-16 08:01:38
MTR000284,BD11,2024-05-16 08:01:38
MTR000285,BD08,2025-03-02 16:23:13
MTR000285,BD09,2025-03-02 16:23:13
MTR000285,BD12,2025-03-02 16:23:13
MTR000286,BD09,2025-01-17 07:29:10
MTR000286,BD03,2025-01-17 07:29:10
MTR000287,BD03,2024-07-21 17:58:32
MTR000288,BD02,2025-05-25 13:20:38
MTR000288,BD03,2025-05-25 13:20:38
MTR000289,BD03,2026-01-05 06:06:03
MTR000289,BD05,2026-01-05 06:06:03
MTR000290,BD03,2026-05-23 14:33:40
MTR000290,BD04,2026-05-23 14:33:40
MTR000290,BD09,2026-05-23 14:33:40
MTR000291,BD09,2024-10-28 09:47:38
MTR000291,BD12,2024-10-28 09:47:38
MTR000292,BD12,2024-06-18 03:22:00
MTR000292,BD09,2024-06-18 03:22:00
MTR000292,BD04,2024-06-18 03:22:00
MTR000293,BD03,2024-12-10 13:15:25
MTR000293,BD08,2024-12-10 13:15:25
MTR000293,BD02,2024-12-10 13:15:25
MTR000293,BD09,2024-12-10 13:15:25
MTR000294,BD03,2025-06-11 01:37:21
MTR000294,BD12,2025-06-11 01:37:21
MTR000295,BD03,2025-05-08 21:59:51
MTR000295,BD05,2025-05-08 21:59:51
MTR000296,BD03,2024-03-10 08:02:12
MTR000296,BD02,2024-03-10 08:02:12
MTR000296,BD09,2024-03-10 08:02:12
MTR000297,BD09,2024-11-03 06:05:19
MTR000297,BD03,2024-11-03 06:05:19
MTR000297,BD11,2024-11-03 06:05:19
MTR000298,BD03,2025-12-05 14:44:37
MTR000299,BD11,2026-01-11 22:08:11
MTR000299,BD09,2026-01-11 22:08:11
MTR000299,BD03,2026-01-11 22:08:11
MTR000299,BD06,2026-01-11 22:08:11
MTR000300,BD03,2026-05-05 17:08:56
MTR000300,BD10,2026-05-05 17:08:56
MTR000301,BD07,2025-12-07 23:07:22
MTR000301,BD03,2025-12-07 23:07:22
MTR000302,BD09,2024-11-05 19:24:24
MTR000302,BD03,2024-11-05 19:24:24
MTR000302,BD08,2024-11-05 19:24:24
MTR000303,BD02,2026-04-11 18:04:34
MTR000303,BD03,2026-04-11 18:04:34
MTR000304,BD08,2024-11-24 16:42:53
MTR000304,BD03,2024-11-24 16:42:53
MTR000305,BD09,2024-07-15 08:59:01
MTR000305,BD03,2024-07-15 08:59:01
MTR000305,BD06,2024-07-15 08:59:01
MTR000305,BD04,2024-07-15 08:59:01
MTR000306,BD03,2025-01-29 02:28:13
MTR000306,BD11,2025-01-29 02:28:13
MTR000306,BD06,2025-01-29 02:28:13
MTR000306,BD10,2025-01-29 02:28:13
MTR000307,BD03,2024-08-13 00:56:17
MTR000307,BD09,2024-08-13 00:56:17
MTR000308,BD03,2025-05-25 14:55:15
MTR000308,BD09,2025-05-25 14:55:15
MTR000308,BD08,2025-05-25 14:55:15
MTR000309,BD06,2024-03-02 02:16:19
MTR000309,BD11,2024-03-02 02:16:19
MTR000310,BD03,2026-03-18 14:37:15
MTR000310,BD09,2026-03-18 14:37:15
MTR000310,BD11,2026-03-18 14:37:15
MTR000310,BD06,2026-03-18 14:37:15
MTR000311,BD09,2024-12-27 16:20:14
MTR000311,BD03,2024-12-27 16:20:14
MTR000312,BD09,2025-08-02 02:48:00
MTR000312,BD03,2025-08-02 02:48:00
MTR000313,BD03,2025-09-28 08:45:25
MTR000313,BD04,2025-09-28 08:45:25
MTR000314,BD03,2024-11-02 06:08:19
MTR000314,BD06,2024-11-02 06:08:19
MTR000314,BD11,2024-11-02 06:08:19
MTR000314,BD09,2024-11-02 06:08:19
MTR000315,BD09,2024-03-01 10:34:26
MTR000315,BD03,2024-03-01 10:34:26
MTR000315,BD05,2024-03-01 10:34:26
MTR000316,BD04,2025-05-15 12:21:57
MTR000316,BD03,2025-05-15 12:21:57
MTR000317,BD03,2025-05-15 04:09:15
MTR000318,BD05,2024-06-15 09:01:38
MTR000318,BD03,2024-06-15 09:01:38
MTR000318,BD02,2024-06-15 09:01:38
MTR000319,BD03,2024-03-17 15:37:50
MTR000319,BD09,2024-03-17 15:37:50
MTR000319,BD08,2024-03-17 15:37:50
MTR000320,BD09,2024-11-17 00:26:40
MTR000320,BD07,2024-11-17 00:26:40
MTR000320,BD06,2024-11-17 00:26:40
MTR000320,BD11,2024-11-17 00:26:40
MTR000321,BD05,2024-12-03 15:14:28
MTR000321,BD03,2024-12-03 15:14:28
MTR000322,BD09,2026-02-20 19:39:16
MTR000322,BD06,2026-02-20 19:39:16
MTR000322,BD03,2026-02-20 19:39:16
MTR000323,BD03,2025-12-10 15:18:34
MTR000323,BD08,2025-12-10 15:18:34
MTR000324,BD03,2024-09-20 12:14:31
MTR000324,BD09,2024-09-20 12:14:31
MTR000325,BD11,2025-03-15 05:36:03
MTR000325,BD06,2025-03-15 05:36:03
MTR000326,BD09,2025-11-08 20:25:02
MTR000326,BD03,2025-11-08 20:25:02
MTR000327,BD03,2025-05-26 17:25:53
MTR000327,BD08,2025-05-26 17:25:53
MTR000327,BD09,2025-05-26 17:25:53
MTR000328,BD09,2025-08-21 09:58:13
MTR000328,BD06,2025-08-21 09:58:13
MTR000328,BD03,2025-08-21 09:58:13
MTR000328,BD11,2025-08-21 09:58:13
MTR000329,BD03,2025-11-05 06:49:41
MTR000329,BD04,2025-11-05 06:49:41
MTR000329,BD08,2025-11-05 06:49:41
MTR000330,BD08,2024-05-04 02:50:16
MTR000330,BD03,2024-05-04 02:50:16
MTR000331,BD03,2025-03-19 22:37:22
MTR000331,BD11,2025-03-19 22:37:22
MTR000331,BD07,2025-03-19 22:37:22
MTR000331,BD10,2025-03-19 22:37:22
MTR000332,BD03,2024-04-12 22:38:14
MTR000332,BD08,2024-04-12 22:38:14
MTR000333,BD03,2024-09-10 13:57:44
MTR000333,BD04,2024-09-10 13:57:44
MTR000333,BD09,2024-09-10 13:57:44
MTR000334,BD03,2024-09-28 06:56:33
MTR000334,BD09,2024-09-28 06:56:33
MTR000334,BD05,2024-09-28 06:56:33
MTR000334,BD06,2024-09-28 06:56:33
MTR000335,BD03,2025-01-01 12:51:59
MTR000335,BD11,2025-01-01 12:51:59
MTR000335,BD08,2025-01-01 12:51:59
MTR000336,BD08,2024-09-01 15:33:35
MTR000336,BD11,2024-09-01 15:33:35
MTR000336,BD03,2024-09-01 15:33:35
MTR000337,BD09,2025-09-19 07:54:49
MTR000337,BD03,2025-09-19 07:54:49
MTR000337,BD08,2025-09-19 07:54:49
MTR000338,BD03,2026-05-04 16:26:15
MTR000338,BD01,2026-05-04 16:26:15
MTR000339,BD06,2026-05-06 03:45:52
MTR000339,BD03,2026-05-06 03:45:52
MTR000339,BD10,2026-05-06 03:45:52
MTR000340,BD06,2026-01-09 19:30:45
MTR000340,BD05,2026-01-09 19:30:45
MTR000340,BD03,2026-01-09 19:30:45
MTR000341,BD03,2024-02-28 19:59:27
MTR000341,BD09,2024-02-28 19:59:27
MTR000341,BD10,2024-02-28 19:59:27
MTR000342,BD03,2025-06-16 07:55:41
MTR000342,BD11,2025-06-16 07:55:41
MTR000343,BD06,2025-07-20 21:03:51
MTR000343,BD10,2025-07-20 21:03:51
MTR000344,BD04,2024-02-19 13:35:47
MTR000344,BD03,2024-02-19 13:35:47
MTR000345,BD03,2025-09-12 22:04:56
MTR000345,BD11,2025-09-12 22:04:56
MTR000346,BD03,2025-05-20 11:39:41
MTR000346,BD05,2025-05-20 11:39:41
MTR000347,BD06,2025-10-02 02:25:24
MTR000347,BD03,2025-10-02 02:25:24
MTR000347,BD04,2025-10-02 02:25:24
MTR000348,BD04,2025-10-30 13:15:25
MTR000348,BD09,2025-10-30 13:15:25
MTR000348,BD03,2025-10-30 13:15:25
MTR000349,BD03,2024-05-27 11:47:28
MTR000349,BD04,2024-05-27 11:47:28
MTR000350,BD09,2025-02-16 18:31:05
MTR000350,BD03,2025-02-16 18:31:05
MTR000350,BD05,2025-02-16 18:31:05
MTR000350,BD02,2025-02-16 18:31:05
MTR000351,BD08,2024-10-11 05:17:37
MTR000351,BD09,2024-10-11 05:17:37
MTR000351,BD12,2024-10-11 05:17:37
MTR000351,BD04,2024-10-11 05:17:37
MTR000352,BD10,2026-03-05 13:11:15
MTR000352,BD07,2026-03-05 13:11:15
MTR000353,BD03,2024-04-10 10:12:55
MTR000353,BD11,2024-04-10 10:12:55
MTR000354,BD03,2026-03-03 12:13:56
MTR000354,BD09,2026-03-03 12:13:56
MTR000354,BD04,2026-03-03 12:13:56
MTR000355,BD06,2024-03-05 20:24:03
MTR000355,BD03,2024-03-05 20:24:03
MTR000356,BD02,2024-04-01 17:26:45
MTR000356,BD09,2024-04-01 17:26:45
MTR000356,BD08,2024-04-01 17:26:45
MTR000356,BD03,2024-04-01 17:26:45
MTR000357,BD03,2025-08-21 13:20:07
MTR000357,BD09,2025-08-21 13:20:07
MTR000357,BD02,2025-08-21 13:20:07
MTR000358,BD01,2026-04-05 23:38:57
MTR000358,BD03,2026-04-05 23:38:57
MTR000359,BD11,2024-02-25 17:27:10
MTR000359,BD03,2024-02-25 17:27:10
MTR000360,BD10,2026-03-12 14:43:41
MTR000360,BD03,2026-03-12 14:43:41
MTR000360,BD07,2026-03-12 14:43:41
MTR000361,BD09,2024-06-25 21:39:37
MTR000361,BD03,2024-06-25 21:39:37
MTR000361,BD10,2024-06-25 21:39:37
MTR000362,BD09,2025-06-22 21:03:10
MTR000362,BD04,2025-06-22 21:03:10
MTR000362,BD03,2025-06-22 21:03:10
MTR000362,BD06,2025-06-22 21:03:10
MTR000363,BD09,2026-01-11 04:11:46
MTR000363,BD03,2026-01-11 04:11:46
MTR000363,BD02,2026-01-11 04:11:46
MTR000364,BD03,2024-09-23 16:39:37
MTR000365,BD06,2025-05-30 05:59:28
MTR000365,BD03,2025-05-30 05:59:28
MTR000366,BD03,2024-12-24 12:15:54
MTR000366,BD04,2024-12-24 12:15:54
MTR000366,BD08,2024-12-24 12:15:54
MTR000366,BD12,2024-12-24 12:15:54
MTR000367,BD03,2025-05-28 06:25:30
MTR000367,BD11,2025-05-28 06:25:30
MTR000367,BD06,2025-05-28 06:25:30
MTR000367,BD09,2025-05-28 06:25:30
MTR000368,BD11,2024-07-11 03:33:52
MTR000368,BD10,2024-07-11 03:33:52
MTR000368,BD06,2024-07-11 03:33:52
MTR000368,BD03,2024-07-11 03:33:52
MTR000369,BD06,2024-10-04 23:22:34
MTR000369,BD03,2024-10-04 23:22:34
MTR000370,BD03,2024-10-13 21:36:07
MTR000370,BD10,2024-10-13 21:36:07
MTR000370,BD07,2024-10-13 21:36:07
MTR000371,BD06,2025-09-03 10:13:26
MTR000371,BD03,2025-09-03 10:13:26
MTR000371,BD05,2025-09-03 10:13:26
MTR000372,BD04,2025-10-05 09:00:16
MTR000372,BD09,2025-10-05 09:00:16
MTR000373,BD09,2025-08-21 03:27:12
MTR000373,BD03,2025-08-21 03:27:12
MTR000373,BD04,2025-08-21 03:27:12
MTR000374,BD09,2025-08-26 03:39:14
MTR000374,BD03,2025-08-26 03:39:14
MTR000375,BD11,2024-04-05 07:00:30
MTR000375,BD07,2024-04-05 07:00:30
MTR000375,BD09,2024-04-05 07:00:30
MTR000376,BD11,2024-11-22 02:21:15
MTR000376,BD03,2024-11-22 02:21:15
MTR000376,BD09,2024-11-22 02:21:15
MTR000377,BD07,2025-07-15 07:23:41
MTR000377,BD03,2025-07-15 07:23:41
MTR000377,BD06,2025-07-15 07:23:41
MTR000378,BD03,2025-07-10 01:05:02
MTR000378,BD06,2025-07-10 01:05:02
MTR000379,BD08,2024-05-14 16:06:24
MTR000379,BD04,2024-05-14 16:06:24
MTR000379,BD03,2024-05-14 16:06:24
MTR000380,BD09,2024-12-01 14:15:55
MTR000380,BD06,2024-12-01 14:15:55
MTR000380,BD07,2024-12-01 14:15:55
MTR000381,BD09,2024-05-12 12:50:13
MTR000381,BD03,2024-05-12 12:50:13
MTR000381,BD10,2024-05-12 12:50:13
MTR000382,BD03,2025-04-05 14:12:22
MTR000383,BD09,2026-04-18 01:29:09
MTR000383,BD03,2026-04-18 01:29:09
MTR000384,BD02,2024-10-12 22:45:16
MTR000384,BD03,2024-10-12 22:45:16
MTR000384,BD11,2024-10-12 22:45:16
MTR000384,BD05,2024-10-12 22:45:16
MTR000385,BD03,2025-06-16 15:02:20
MTR000385,BD10,2025-06-16 15:02:20
MTR000386,BD06,2025-03-06 08:44:21
MTR000386,BD03,2025-03-06 08:44:21
MTR000387,BD03,2025-03-08 14:17:07
MTR000387,BD04,2025-03-08 14:17:07
MTR000387,BD08,2025-03-08 14:17:07
MTR000388,BD10,2025-10-18 11:25:29
MTR000388,BD03,2025-10-18 11:25:29
MTR000388,BD08,2025-10-18 11:25:29
MTR000389,BD03,2026-03-08 21:23:40
MTR000389,BD06,2026-03-08 21:23:40
MTR000389,BD11,2026-03-08 21:23:40
MTR000390,BD02,2024-02-18 11:39:28
MTR000390,BD03,2024-02-18 11:39:28
MTR000390,BD09,2024-02-18 11:39:28
MTR000390,BD08,2024-02-18 11:39:28
MTR000391,BD03,2026-02-01 07:19:09
MTR000391,BD09,2026-02-01 07:19:09
MTR000391,BD08,2026-02-01 07:19:09
MTR000392,BD06,2024-11-14 14:07:37
MTR000392,BD11,2024-11-14 14:07:37
MTR000392,BD10,2024-11-14 14:07:37
MTR000392,BD07,2024-11-14 14:07:37
MTR000393,BD03,2026-02-15 11:06:30
MTR000393,BD08,2026-02-15 11:06:30
MTR000394,BD03,2024-03-26 12:06:04
MTR000395,BD03,2025-09-19 15:54:14
MTR000395,BD08,2025-09-19 15:54:14
MTR000396,BD03,2024-01-27 03:07:27
MTR000396,BD08,2024-01-27 03:07:27
MTR000397,BD04,2024-01-18 23:03:38
MTR000397,BD03,2024-01-18 23:03:38
MTR000398,BD10,2026-03-21 14:12:13
MTR000398,BD03,2026-03-21 14:12:13
MTR000399,BD03,2025-03-24 16:13:09
MTR000399,BD08,2025-03-24 16:13:09
MTR000400,BD06,2025-12-02 06:20:46
MTR000400,BD09,2025-12-02 06:20:46
MTR000401,BD03,2025-07-25 22:21:02
MTR000401,BD08,2025-07-25 22:21:02
MTR000401,BD09,2025-07-25 22:21:02
MTR000402,BD11,2024-02-15 03:26:36
MTR000402,BD06,2024-02-15 03:26:36
MTR000402,BD03,2024-02-15 03:26:36
MTR000403,BD06,2025-10-21 11:22:09
MTR000403,BD09,2025-10-21 11:22:09
MTR000403,BD03,2025-10-21 11:22:09
MTR000404,BD09,2024-01-06 11:11:44
MTR000404,BD08,2024-01-06 11:11:44
MTR000404,BD03,2024-01-06 11:11:44
MTR000404,BD10,2024-01-06 11:11:44
MTR000405,BD03,2025-05-19 00:05:53
MTR000405,BD08,2025-05-19 00:05:53
MTR000406,BD06,2024-11-01 01:13:29
MTR000406,BD05,2024-11-01 01:13:29
MTR000406,BD09,2024-11-01 01:13:29
MTR000407,BD02,2024-01-24 20:42:45
MTR000407,BD09,2024-01-24 20:42:45
MTR000407,BD05,2024-01-24 20:42:45
MTR000407,BD03,2024-01-24 20:42:45
MTR000408,BD06,2025-12-28 20:34:32
MTR000408,BD09,2025-12-28 20:34:32
MTR000408,BD11,2025-12-28 20:34:32
MTR000409,BD09,2025-07-15 01:22:56
MTR000409,BD07,2025-07-15 01:22:56
MTR000410,BD04,2024-06-12 07:15:42
MTR000410,BD03,2024-06-12 07:15:42
MTR000411,BD09,2025-08-31 01:21:49
MTR000411,BD03,2025-08-31 01:21:49
MTR000411,BD01,2025-08-31 01:21:49
MTR000412,BD03,2025-09-06 14:47:03
MTR000412,BD09,2025-09-06 14:47:03
MTR000413,BD04,2024-01-11 10:44:29
MTR000413,BD09,2024-01-11 10:44:29
MTR000413,BD12,2024-01-11 10:44:29
MTR000413,BD03,2024-01-11 10:44:29
MTR000414,BD03,2025-03-24 23:40:53
MTR000414,BD04,2025-03-24 23:40:53
MTR000415,BD11,2025-09-10 15:30:38
MTR000415,BD02,2025-09-10 15:30:38
MTR000415,BD03,2025-09-10 15:30:38
MTR000416,BD04,2024-04-10 22:02:11
MTR000416,BD03,2024-04-10 22:02:11
MTR000417,BD09,2025-01-25 14:14:34
MTR000417,BD03,2025-01-25 14:14:34
MTR000417,BD02,2025-01-25 14:14:34
MTR000418,BD03,2024-01-15 00:32:08
MTR000418,BD11,2024-01-15 00:32:08
MTR000419,BD04,2024-02-16 16:11:30
MTR000419,BD08,2024-02-16 16:11:30
MTR000419,BD12,2024-02-16 16:11:30
MTR000419,BD09,2024-02-16 16:11:30
MTR000420,BD02,2026-04-05 16:31:22
MTR000420,BD03,2026-04-05 16:31:22
MTR000420,BD11,2026-04-05 16:31:22
MTR000421,BD03,2025-07-18 14:55:15
MTR000421,BD06,2025-07-18 14:55:15
MTR000422,BD03,2025-04-03 15:08:20
MTR000422,BD06,2025-04-03 15:08:20
MTR000423,BD06,2024-09-08 18:41:42
MTR000423,BD07,2024-09-08 18:41:42
MTR000423,BD10,2024-09-08 18:41:42
MTR000424,BD03,2025-04-02 23:09:16
MTR000424,BD09,2025-04-02 23:09:16
MTR000425,BD07,2024-03-31 01:10:28
MTR000425,BD10,2024-03-31 01:10:28
MTR000425,BD06,2024-03-31 01:10:28
MTR000426,BD11,2026-02-06 23:32:14
MTR000426,BD09,2026-02-06 23:32:14
MTR000426,BD05,2026-02-06 23:32:14
MTR000427,BD09,2024-05-01 12:39:00
MTR000427,BD06,2024-05-01 12:39:00
MTR000427,BD03,2024-05-01 12:39:00
MTR000428,BD03,2025-03-31 17:59:37
MTR000428,BD10,2025-03-31 17:59:37
MTR000428,BD07,2025-03-31 17:59:37
MTR000428,BD06,2025-03-31 17:59:37
MTR000429,BD06,2025-03-30 01:29:40
MTR000429,BD03,2025-03-30 01:29:40
MTR000430,BD06,2026-02-09 06:59:07
MTR000430,BD09,2026-02-09 06:59:07
MTR000430,BD03,2026-02-09 06:59:07
MTR000431,BD06,2026-02-09 04:20:39
MTR000431,BD03,2026-02-09 04:20:39
MTR000432,BD04,2024-12-09 21:39:36
MTR000432,BD12,2024-12-09 21:39:36
MTR000432,BD03,2024-12-09 21:39:36
MTR000432,BD08,2024-12-09 21:39:36
MTR000433,BD03,2026-04-07 15:05:35
MTR000434,BD11,2024-11-07 16:14:22
MTR000434,BD09,2024-11-07 16:14:22
MTR000435,BD04,2025-10-11 06:48:19
MTR000435,BD06,2025-10-11 06:48:19
MTR000435,BD03,2025-10-11 06:48:19
MTR000436,BD06,2026-05-20 07:38:40
MTR000436,BD03,2026-05-20 07:38:40
MTR000437,BD06,2025-01-11 23:48:22
MTR000437,BD03,2025-01-11 23:48:22
MTR000438,BD11,2025-08-03 11:42:26
MTR000438,BD06,2025-08-03 11:42:26
MTR000439,BD03,2025-05-13 12:23:10
MTR000439,BD08,2025-05-13 12:23:10
MTR000440,BD02,2025-04-11 10:29:58
MTR000440,BD09,2025-04-11 10:29:58
MTR000441,BD03,2025-08-01 18:57:09
MTR000441,BD04,2025-08-01 18:57:09
MTR000442,BD09,2024-03-11 13:42:39
MTR000442,BD03,2024-03-11 13:42:39
MTR000443,BD05,2024-06-08 07:25:49
MTR000443,BD03,2024-06-08 07:25:49
MTR000443,BD09,2024-06-08 07:25:49
MTR000443,BD06,2024-06-08 07:25:49
MTR000444,BD09,2025-04-23 09:58:58
MTR000444,BD05,2025-04-23 09:58:58
MTR000444,BD02,2025-04-23 09:58:58
MTR000444,BD03,2025-04-23 09:58:58
MTR000445,BD03,2025-12-02 15:28:37
MTR000445,BD09,2025-12-02 15:28:37
MTR000445,BD11,2025-12-02 15:28:37
MTR000445,BD08,2025-12-02 15:28:37
MTR000446,BD11,2024-08-08 15:25:42
MTR000446,BD09,2024-08-08 15:25:42
MTR000447,BD03,2024-03-11 02:17:56
MTR000447,BD02,2024-03-11 02:17:56
MTR000447,BD09,2024-03-11 02:17:56
MTR000448,BD09,2024-01-31 02:11:21
MTR000448,BD02,2024-01-31 02:11:21
MTR000448,BD03,2024-01-31 02:11:21
MTR000448,BD05,2024-01-31 02:11:21
MTR000449,BD08,2024-09-02 18:16:39
MTR000449,BD09,2024-09-02 18:16:39
MTR000450,BD11,2024-07-30 12:49:40
MTR000450,BD03,2024-07-30 12:49:40
MTR000450,BD06,2024-07-30 12:49:40
MTR000451,BD03,2025-08-24 03:01:21
MTR000451,BD08,2025-08-24 03:01:21
MTR000452,BD03,2024-02-22 18:39:20
MTR000452,BD09,2024-02-22 18:39:20
MTR000452,BD06,2024-02-22 18:39:20
MTR000453,BD03,2025-08-17 12:27:39
MTR000453,BD08,2025-08-17 12:27:39
MTR000454,BD06,2025-06-22 04:02:32
MTR000454,BD03,2025-06-22 04:02:32
MTR000455,BD09,2024-05-09 12:23:49
MTR000455,BD07,2024-05-09 12:23:49
MTR000456,BD03,2025-12-29 23:09:07
MTR000456,BD12,2025-12-29 23:09:07
MTR000456,BD08,2025-12-29 23:09:07
MTR000457,BD09,2025-01-09 03:39:25
MTR000457,BD08,2025-01-09 03:39:25
MTR000457,BD03,2025-01-09 03:39:25
MTR000457,BD04,2025-01-09 03:39:25
MTR000458,BD12,2025-10-16 02:21:31
MTR000458,BD08,2025-10-16 02:21:31
MTR000459,BD06,2024-12-17 10:02:10
MTR000459,BD11,2024-12-17 10:02:10
MTR000459,BD03,2024-12-17 10:02:10
MTR000460,BD03,2024-06-09 16:48:06
MTR000460,BD02,2024-06-09 16:48:06
MTR000461,BD03,2025-05-30 06:21:57
MTR000461,BD04,2025-05-30 06:21:57
MTR000462,BD03,2024-04-03 04:32:03
MTR000462,BD08,2024-04-03 04:32:03
MTR000463,BD03,2025-11-18 07:30:20
MTR000463,BD06,2025-11-18 07:30:20
MTR000463,BD09,2025-11-18 07:30:20
MTR000463,BD11,2025-11-18 07:30:20
MTR000464,BD03,2025-08-04 11:35:44
MTR000464,BD09,2025-08-04 11:35:44
MTR000465,BD11,2026-03-22 17:57:51
MTR000465,BD09,2026-03-22 17:57:51
MTR000465,BD10,2026-03-22 17:57:51
MTR000465,BD03,2026-03-22 17:57:51
MTR000466,BD11,2025-04-30 08:30:50
MTR000466,BD09,2025-04-30 08:30:50
MTR000466,BD03,2025-04-30 08:30:50
MTR000466,BD10,2025-04-30 08:30:50
MTR000467,BD11,2025-08-11 19:04:10
MTR000467,BD03,2025-08-11 19:04:10
MTR000467,BD09,2025-08-11 19:04:10
MTR000468,BD03,2025-08-29 15:33:07
MTR000468,BD06,2025-08-29 15:33:07
MTR000468,BD07,2025-08-29 15:33:07
MTR000468,BD10,2025-08-29 15:33:07
MTR000469,BD11,2026-04-26 07:49:36
MTR000469,BD03,2026-04-26 07:49:36
MTR000469,BD10,2026-04-26 07:49:36
MTR000469,BD06,2026-04-26 07:49:36
MTR000470,BD03,2026-01-14 18:05:21
MTR000470,BD06,2026-01-14 18:05:21
MTR000471,BD04,2024-07-08 07:55:29
MTR000471,BD08,2024-07-08 07:55:29
MTR000471,BD03,2024-07-08 07:55:29
MTR000472,BD03,2024-10-30 16:30:07
MTR000472,BD06,2024-10-30 16:30:07
MTR000473,BD03,2026-04-05 06:49:20
MTR000473,BD01,2026-04-05 06:49:20
MTR000473,BD09,2026-04-05 06:49:20
MTR000473,BD06,2026-04-05 06:49:20
MTR000474,BD03,2025-12-18 08:28:43
MTR000474,BD07,2025-12-18 08:28:43
MTR000475,BD03,2026-05-16 00:32:16
MTR000475,BD06,2026-05-16 00:32:16
MTR000476,BD03,2025-04-12 06:30:59
MTR000476,BD08,2025-04-12 06:30:59
MTR000477,BD08,2024-11-16 03:41:49
MTR000477,BD03,2024-11-16 03:41:49
MTR000478,BD08,2025-09-16 20:29:18
MTR000478,BD03,2025-09-16 20:29:18
MTR000479,BD07,2024-03-18 02:49:38
MTR000479,BD09,2024-03-18 02:49:38
MTR000479,BD03,2024-03-18 02:49:38
MTR000479,BD11,2024-03-18 02:49:38
MTR000480,BD03,2026-04-23 05:45:51
MTR000480,BD08,2026-04-23 05:45:51
MTR000480,BD09,2026-04-23 05:45:51
MTR000481,BD03,2024-11-25 21:51:43
MTR000481,BD01,2024-11-25 21:51:43
MTR000482,BD09,2026-05-15 11:27:13
MTR000482,BD03,2026-05-15 11:27:13
MTR000482,BD05,2026-05-15 11:27:13
MTR000483,BD02,2025-11-26 03:40:31
MTR000483,BD03,2025-11-26 03:40:31
MTR000483,BD08,2025-11-26 03:40:31
MTR000484,BD03,2024-09-08 22:38:23
MTR000484,BD05,2024-09-08 22:38:23
MTR000484,BD11,2024-09-08 22:38:23
MTR000485,BD01,2024-04-29 05:19:48
MTR000485,BD05,2024-04-29 05:19:48
MTR000485,BD03,2024-04-29 05:19:48
MTR000486,BD11,2026-03-09 06:31:49
MTR000486,BD03,2026-03-09 06:31:49
MTR000486,BD06,2026-03-09 06:31:49
MTR000487,BD03,2025-06-05 00:26:01
MTR000487,BD09,2025-06-05 00:26:01
MTR000488,BD08,2025-05-15 00:11:51
MTR000488,BD09,2025-05-15 00:11:51
MTR000488,BD03,2025-05-15 00:11:51
MTR000489,BD09,2025-10-20 05:44:19
MTR000489,BD03,2025-10-20 05:44:19
MTR000489,BD11,2025-10-20 05:44:19
MTR000490,BD03,2025-09-06 20:55:13
MTR000490,BD09,2025-09-06 20:55:13
MTR000491,BD08,2024-01-13 16:05:45
MTR000491,BD03,2024-01-13 16:05:45
MTR000491,BD04,2024-01-13 16:05:45
MTR000491,BD09,2024-01-13 16:05:45
MTR000492,BD12,2025-12-02 07:42:02
MTR000492,BD09,2025-12-02 07:42:02
MTR000493,BD11,2025-08-18 11:45:48
MTR000493,BD03,2025-08-18 11:45:48
MTR000493,BD09,2025-08-18 11:45:48
MTR000493,BD06,2025-08-18 11:45:48
MTR000494,BD02,2024-11-26 12:08:16
MTR000494,BD09,2024-11-26 12:08:16
MTR000495,BD11,2026-01-24 01:13:47
MTR000495,BD06,2026-01-24 01:13:47
MTR000496,BD06,2025-12-24 17:14:02
MTR000496,BD03,2025-12-24 17:14:02
MTR000497,BD09,2025-05-11 15:18:16
MTR000497,BD08,2025-05-11 15:18:16
MTR000498,BD03,2026-03-25 22:07:14
MTR000498,BD06,2026-03-25 22:07:14
MTR000498,BD09,2026-03-25 22:07:14
MTR000498,BD04,2026-03-25 22:07:14
MTR000499,BD09,2024-05-21 00:33:28
MTR000499,BD11,2024-05-21 00:33:28
MTR000500,BD04,2024-07-03 21:37:59
MTR000500,BD09,2024-07-03 21:37:59
MTR000500,BD03,2024-07-03 21:37:59
MTR000500,BD12,2024-07-03 21:37:59
MTR000501,BD03,2024-06-11 16:37:11
MTR000502,BD11,2025-10-25 09:14:39
MTR000502,BD09,2025-10-25 09:14:39
MTR000503,BD08,2024-07-30 15:27:09
MTR000503,BD03,2024-07-30 15:27:09
MTR000504,BD09,2024-06-25 19:40:39
MTR000504,BD11,2024-06-25 19:40:39
MTR000504,BD07,2024-06-25 19:40:39
MTR000505,BD04,2024-04-22 17:10:16
MTR000505,BD03,2024-04-22 17:10:16
MTR000505,BD06,2024-04-22 17:10:16
MTR000506,BD03,2024-03-02 13:46:39
MTR000506,BD04,2024-03-02 13:46:39
MTR000506,BD08,2024-03-02 13:46:39
MTR000507,BD09,2026-03-07 07:49:48
MTR000507,BD08,2026-03-07 07:49:48
MTR000507,BD03,2026-03-07 07:49:48
MTR000508,BD09,2025-09-04 21:25:21
MTR000508,BD06,2025-09-04 21:25:21
MTR000509,BD09,2024-03-01 05:33:17
MTR000509,BD02,2024-03-01 05:33:17
MTR000509,BD08,2024-03-01 05:33:17
MTR000510,BD03,2024-12-30 05:39:18
MTR000510,BD06,2024-12-30 05:39:18
MTR000510,BD09,2024-12-30 05:39:18
MTR000511,BD11,2024-05-21 00:19:09
MTR000511,BD03,2024-05-21 00:19:09
MTR000512,BD03,2026-03-28 14:12:56
MTR000512,BD11,2026-03-28 14:12:56
MTR000513,BD10,2025-12-13 05:57:26
MTR000513,BD09,2025-12-13 05:57:26
MTR000514,BD04,2024-07-07 07:55:13
MTR000514,BD09,2024-07-07 07:55:13
MTR000515,BD08,2026-03-14 13:35:43
MTR000515,BD03,2026-03-14 13:35:43
MTR000516,BD03,2026-03-01 23:50:44
MTR000516,BD11,2026-03-01 23:50:44
MTR000517,BD12,2025-06-28 16:43:02
MTR000517,BD03,2025-06-28 16:43:02
MTR000517,BD09,2025-06-28 16:43:02
MTR000518,BD03,2024-01-18 13:35:53
MTR000518,BD08,2024-01-18 13:35:53
MTR000518,BD04,2024-01-18 13:35:53
MTR000519,BD12,2024-06-23 13:49:39
MTR000519,BD03,2024-06-23 13:49:39
MTR000519,BD08,2024-06-23 13:49:39
MTR000520,BD11,2024-09-19 18:33:53
MTR000520,BD03,2024-09-19 18:33:53
MTR000520,BD06,2024-09-19 18:33:53
MTR000521,BD03,2024-11-26 15:01:40
MTR000521,BD04,2024-11-26 15:01:40
MTR000521,BD09,2024-11-26 15:01:40
MTR000522,BD11,2025-06-10 09:33:51
MTR000522,BD03,2025-06-10 09:33:51
MTR000522,BD09,2025-06-10 09:33:51
MTR000523,BD08,2025-08-11 09:38:55
MTR000523,BD03,2025-08-11 09:38:55
MTR000523,BD09,2025-08-11 09:38:55
MTR000524,BD08,2025-03-17 09:55:19
MTR000524,BD03,2025-03-17 09:55:19
MTR000524,BD12,2025-03-17 09:55:19
MTR000524,BD04,2025-03-17 09:55:19
MTR000525,BD06,2024-07-09 17:50:24
MTR000525,BD09,2024-07-09 17:50:24
MTR000525,BD03,2024-07-09 17:50:24
MTR000526,BD06,2024-05-15 07:04:40
MTR000526,BD05,2024-05-15 07:04:40
MTR000527,BD11,2025-05-15 19:50:59
MTR000527,BD09,2025-05-15 19:50:59
MTR000527,BD03,2025-05-15 19:50:59
MTR000528,BD03,2024-10-19 06:28:51
MTR000528,BD04,2024-10-19 06:28:51
MTR000529,BD06,2025-11-16 18:30:48
MTR000529,BD03,2025-11-16 18:30:48
MTR000529,BD11,2025-11-16 18:30:48
MTR000529,BD07,2025-11-16 18:30:48
MTR000530,BD11,2024-11-23 08:41:18
MTR000530,BD09,2024-11-23 08:41:18
MTR000530,BD06,2024-11-23 08:41:18
MTR000531,BD06,2025-03-07 00:46:30
MTR000531,BD03,2025-03-07 00:46:30
MTR000532,BD10,2025-02-01 12:42:51
MTR000532,BD03,2025-02-01 12:42:51
MTR000532,BD11,2025-02-01 12:42:51
MTR000532,BD07,2025-02-01 12:42:51
MTR000533,BD08,2024-08-19 21:00:48
MTR000533,BD12,2024-08-19 21:00:48
MTR000533,BD09,2024-08-19 21:00:48
MTR000533,BD03,2024-08-19 21:00:48
MTR000534,BD03,2026-01-28 07:35:31
MTR000534,BD08,2026-01-28 07:35:31
MTR000535,BD03,2024-01-25 13:51:40
MTR000535,BD05,2024-01-25 13:51:40
MTR000535,BD09,2024-01-25 13:51:40
MTR000536,BD03,2024-02-28 04:19:49
MTR000537,BD03,2024-06-09 16:48:20
MTR000537,BD02,2024-06-09 16:48:20
MTR000538,BD03,2024-05-10 05:11:48
MTR000538,BD06,2024-05-10 05:11:48
MTR000539,BD06,2025-02-08 16:53:27
MTR000539,BD03,2025-02-08 16:53:27
MTR000540,BD09,2025-11-24 17:39:18
MTR000540,BD03,2025-11-24 17:39:18
MTR000540,BD08,2025-11-24 17:39:18
MTR000541,BD03,2026-01-27 16:43:54
MTR000541,BD06,2026-01-27 16:43:54
MTR000542,BD05,2024-11-30 08:19:59
MTR000542,BD09,2024-11-30 08:19:59
MTR000542,BD03,2024-11-30 08:19:59
MTR000543,BD03,2025-05-21 22:24:42
MTR000544,BD04,2026-05-27 15:53:59
MTR000544,BD09,2026-05-27 15:53:59
MTR000544,BD03,2026-05-27 15:53:59
MTR000545,BD02,2025-10-23 07:05:09
MTR000545,BD03,2025-10-23 07:05:09
MTR000545,BD05,2025-10-23 07:05:09
MTR000546,BD03,2025-01-28 17:27:35
MTR000546,BD09,2025-01-28 17:27:35
MTR000547,BD06,2025-01-05 15:14:51
MTR000547,BD09,2025-01-05 15:14:51
MTR000548,BD08,2024-11-12 09:29:19
MTR000548,BD03,2024-11-12 09:29:19
MTR000548,BD12,2024-11-12 09:29:19
MTR000548,BD09,2024-11-12 09:29:19
MTR000549,BD04,2024-09-14 08:41:09
MTR000549,BD03,2024-09-14 08:41:09
MTR000550,BD09,2026-04-20 17:02:22
MTR000550,BD03,2026-04-20 17:02:22
MTR000550,BD11,2026-04-20 17:02:22
MTR000550,BD02,2026-04-20 17:02:22
MTR000551,BD03,2024-12-10 05:02:03
MTR000551,BD04,2024-12-10 05:02:03
MTR000552,BD03,2025-06-15 09:22:04
MTR000552,BD10,2025-06-15 09:22:04
MTR000552,BD09,2025-06-15 09:22:04
MTR000552,BD06,2025-06-15 09:22:04
MTR000553,BD03,2024-10-05 18:04:39
MTR000553,BD11,2024-10-05 18:04:39
MTR000553,BD09,2024-10-05 18:04:39
MTR000554,BD04,2025-04-15 10:35:44
MTR000554,BD03,2025-04-15 10:35:44
MTR000554,BD12,2025-04-15 10:35:44
MTR000554,BD09,2025-04-15 10:35:44
MTR000555,BD03,2025-11-24 15:29:01
MTR000555,BD10,2025-11-24 15:29:01
MTR000556,BD11,2024-09-25 00:46:12
MTR000556,BD06,2024-09-25 00:46:12
MTR000556,BD03,2024-09-25 00:46:12
MTR000557,BD11,2025-11-26 03:38:12
MTR000557,BD03,2025-11-26 03:38:12
MTR000557,BD09,2025-11-26 03:38:12
MTR000557,BD06,2025-11-26 03:38:12
MTR000558,BD03,2024-08-24 04:42:07
MTR000558,BD11,2024-08-24 04:42:07
MTR000558,BD09,2024-08-24 04:42:07
MTR000559,BD03,2025-09-03 14:26:53
MTR000559,BD09,2025-09-03 14:26:53
MTR000559,BD08,2025-09-03 14:26:53
MTR000560,BD09,2024-08-25 18:54:15
MTR000560,BD02,2024-08-25 18:54:15
MTR000561,BD08,2025-11-02 12:32:14
MTR000561,BD09,2025-11-02 12:32:14
MTR000561,BD03,2025-11-02 12:32:14
MTR000562,BD03,2024-08-01 06:47:50
MTR000562,BD08,2024-08-01 06:47:50
MTR000562,BD02,2024-08-01 06:47:50
MTR000563,BD04,2025-09-27 13:52:44
MTR000563,BD03,2025-09-27 13:52:44
MTR000563,BD08,2025-09-27 13:52:44
MTR000564,BD03,2024-05-08 22:28:25
MTR000564,BD02,2024-05-08 22:28:25
MTR000565,BD03,2025-01-07 23:55:26
MTR000565,BD06,2025-01-07 23:55:26
MTR000566,BD04,2024-10-01 07:49:12
MTR000566,BD03,2024-10-01 07:49:12
MTR000567,BD06,2025-03-01 19:00:03
MTR000567,BD11,2025-03-01 19:00:03
MTR000567,BD09,2025-03-01 19:00:03
MTR000568,BD04,2025-06-03 02:10:47
MTR000568,BD09,2025-06-03 02:10:47
MTR000568,BD03,2025-06-03 02:10:47
MTR000569,BD11,2025-02-19 02:08:24
MTR000569,BD09,2025-02-19 02:08:24
MTR000569,BD06,2025-02-19 02:08:24
MTR000569,BD03,2025-02-19 02:08:24
MTR000570,BD01,2025-02-03 05:43:33
MTR000570,BD06,2025-02-03 05:43:33
MTR000570,BD03,2025-02-03 05:43:33
MTR000570,BD05,2025-02-03 05:43:33
MTR000571,BD03,2026-03-11 06:55:39
MTR000571,BD10,2026-03-11 06:55:39
MTR000572,BD03,2024-02-16 22:18:29
MTR000573,BD03,2025-07-29 17:40:38
MTR000573,BD09,2025-07-29 17:40:38
MTR000573,BD06,2025-07-29 17:40:38
MTR000574,BD09,2024-08-18 04:16:57
MTR000574,BD03,2024-08-18 04:16:57
MTR000575,BD03,2025-07-07 00:50:39
MTR000576,BD03,2024-12-12 13:09:55
MTR000576,BD04,2024-12-12 13:09:55
MTR000576,BD09,2024-12-12 13:09:55
MTR000577,BD04,2025-04-27 00:19:31
MTR000577,BD09,2025-04-27 00:19:31
MTR000577,BD03,2025-04-27 00:19:31
MTR000578,BD11,2024-07-11 18:49:59
MTR000578,BD09,2024-07-11 18:49:59
MTR000579,BD03,2025-05-28 09:06:17
MTR000579,BD04,2025-05-28 09:06:17
MTR000580,BD06,2026-05-31 07:07:41
MTR000580,BD07,2026-05-31 07:07:41
MTR000580,BD03,2026-05-31 07:07:41
MTR000581,BD05,2026-01-12 20:10:06
MTR000581,BD03,2026-01-12 20:10:06
MTR000581,BD09,2026-01-12 20:10:06
MTR000582,BD03,2025-03-07 08:36:35
MTR000582,BD09,2025-03-07 08:36:35
MTR000582,BD08,2025-03-07 08:36:35
MTR000583,BD06,2024-10-15 18:51:17
MTR000583,BD11,2024-10-15 18:51:17
MTR000584,BD03,2025-09-07 14:19:12
MTR000584,BD09,2025-09-07 14:19:12
MTR000584,BD06,2025-09-07 14:19:12
MTR000585,BD10,2025-01-20 14:00:53
MTR000585,BD11,2025-01-20 14:00:53
MTR000585,BD03,2025-01-20 14:00:53
MTR000586,BD03,2025-02-01 11:07:18
MTR000586,BD07,2025-02-01 11:07:18
MTR000587,BD12,2024-01-12 22:01:34
MTR000587,BD09,2024-01-12 22:01:34
MTR000588,BD03,2025-04-29 22:58:08
MTR000588,BD09,2025-04-29 22:58:08
MTR000588,BD08,2025-04-29 22:58:08
MTR000588,BD04,2025-04-29 22:58:08
MTR000589,BD03,2025-01-03 06:30:27
MTR000589,BD07,2025-01-03 06:30:27
MTR000590,BD11,2025-04-30 23:33:31
MTR000590,BD09,2025-04-30 23:33:31
MTR000590,BD03,2025-04-30 23:33:31
MTR000591,BD07,2025-01-18 12:07:27
MTR000591,BD10,2025-01-18 12:07:27
MTR000592,BD07,2024-08-20 02:59:48
MTR000592,BD09,2024-08-20 02:59:48
MTR000592,BD11,2024-08-20 02:59:48
MTR000592,BD10,2024-08-20 02:59:48
MTR000593,BD03,2024-01-10 13:03:11
MTR000593,BD09,2024-01-10 13:03:11
MTR000594,BD03,2024-11-25 23:54:04
MTR000594,BD06,2024-11-25 23:54:04
MTR000594,BD10,2024-11-25 23:54:04
MTR000595,BD03,2025-09-23 22:03:11
MTR000595,BD06,2025-09-23 22:03:11
MTR000596,BD03,2026-04-26 12:08:14
MTR000596,BD09,2026-04-26 12:08:14
MTR000597,BD03,2024-10-13 13:26:03
MTR000598,BD04,2024-07-11 12:30:45
MTR000598,BD09,2024-07-11 12:30:45
MTR000598,BD03,2024-07-11 12:30:45
MTR000599,BD03,2024-06-30 12:38:41
MTR000599,BD09,2024-06-30 12:38:41
MTR000599,BD11,2024-06-30 12:38:41
MTR000600,BD08,2026-04-06 21:46:10
MTR000600,BD04,2026-04-06 21:46:10
MTR000600,BD03,2026-04-06 21:46:10
MTR000600,BD12,2026-04-06 21:46:10
MTR000601,BD11,2025-03-20 11:13:03
MTR000601,BD06,2025-03-20 11:13:03
MTR000602,BD09,2025-09-08 18:43:18
MTR000602,BD01,2025-09-08 18:43:18
MTR000602,BD06,2025-09-08 18:43:18
MTR000603,BD03,2025-10-25 19:37:58
MTR000604,BD08,2025-07-20 17:10:37
MTR000604,BD03,2025-07-20 17:10:37
MTR000605,BD06,2024-08-06 01:34:46
MTR000605,BD03,2024-08-06 01:34:46
MTR000606,BD11,2026-01-19 11:19:01
MTR000606,BD09,2026-01-19 11:19:01
MTR000607,BD09,2025-02-22 01:47:35
MTR000607,BD03,2025-02-22 01:47:35
MTR000607,BD08,2025-02-22 01:47:35
MTR000607,BD04,2025-02-22 01:47:35
MTR000608,BD03,2025-02-25 13:15:41
MTR000608,BD11,2025-02-25 13:15:41
MTR000608,BD06,2025-02-25 13:15:41
MTR000609,BD03,2024-05-11 05:04:29
MTR000609,BD01,2024-05-11 05:04:29
MTR000610,BD03,2026-03-21 07:07:07
MTR000610,BD09,2026-03-21 07:07:07
MTR000610,BD04,2026-03-21 07:07:07
MTR000611,BD10,2024-07-22 17:03:37
MTR000611,BD09,2024-07-22 17:03:37
MTR000611,BD03,2024-07-22 17:03:37
MTR000612,BD10,2024-11-06 04:28:33
MTR000612,BD07,2024-11-06 04:28:33
MTR000613,BD11,2024-06-24 16:26:41
MTR000613,BD10,2024-06-24 16:26:41
MTR000613,BD09,2024-06-24 16:26:41
MTR000614,BD09,2025-09-25 14:48:25
MTR000614,BD11,2025-09-25 14:48:25
MTR000615,BD02,2025-11-17 15:18:41
MTR000615,BD09,2025-11-17 15:18:41
MTR000615,BD03,2025-11-17 15:18:41
MTR000616,BD06,2026-02-07 09:21:04
MTR000616,BD11,2026-02-07 09:21:04
MTR000617,BD04,2025-05-06 07:29:27
MTR000617,BD03,2025-05-06 07:29:27
MTR000618,BD12,2024-03-14 00:59:09
MTR000618,BD03,2024-03-14 00:59:09
MTR000618,BD08,2024-03-14 00:59:09
MTR000619,BD04,2026-01-11 16:34:53
MTR000619,BD03,2026-01-11 16:34:53
MTR000620,BD04,2024-05-03 06:37:56
MTR000620,BD03,2024-05-03 06:37:56
MTR000621,BD03,2026-04-13 05:26:41
MTR000621,BD09,2026-04-13 05:26:41
MTR000621,BD11,2026-04-13 05:26:41
MTR000622,BD11,2024-02-27 08:24:38
MTR000622,BD06,2024-02-27 08:24:38
MTR000622,BD09,2024-02-27 08:24:38
MTR000622,BD03,2024-02-27 08:24:38
MTR000623,BD03,2024-06-21 22:59:46
MTR000623,BD08,2024-06-21 22:59:46
MTR000624,BD04,2025-05-24 04:52:19
MTR000624,BD09,2025-05-24 04:52:19
MTR000625,BD03,2025-09-09 04:04:49
MTR000625,BD11,2025-09-09 04:04:49
MTR000625,BD06,2025-09-09 04:04:49
MTR000626,BD03,2025-04-24 18:48:22
MTR000626,BD08,2025-04-24 18:48:22
MTR000626,BD10,2025-04-24 18:48:22
MTR000627,BD08,2026-05-24 13:09:31
MTR000627,BD03,2026-05-24 13:09:31
MTR000627,BD09,2026-05-24 13:09:31
MTR000628,BD02,2024-11-01 20:40:20
MTR000628,BD05,2024-11-01 20:40:20
MTR000628,BD09,2024-11-01 20:40:20
MTR000629,BD08,2025-03-31 20:07:23
MTR000629,BD03,2025-03-31 20:07:23
MTR000629,BD04,2025-03-31 20:07:23
MTR000630,BD10,2025-09-30 19:41:45
MTR000630,BD03,2025-09-30 19:41:45
MTR000630,BD09,2025-09-30 19:41:45
MTR000631,BD09,2025-03-13 10:20:18
MTR000631,BD11,2025-03-13 10:20:18
MTR000632,BD09,2024-02-13 09:27:40
MTR000632,BD01,2024-02-13 09:27:40
MTR000632,BD05,2024-02-13 09:27:40
MTR000632,BD03,2024-02-13 09:27:40
MTR000633,BD03,2025-09-14 16:21:10
MTR000633,BD04,2025-09-14 16:21:10
MTR000634,BD11,2025-10-27 02:35:41
MTR000634,BD06,2025-10-27 02:35:41
MTR000634,BD03,2025-10-27 02:35:41
MTR000635,BD06,2024-02-08 02:09:55
MTR000635,BD09,2024-02-08 02:09:55
MTR000636,BD03,2025-05-03 17:48:04
MTR000636,BD04,2025-05-03 17:48:04
MTR000636,BD08,2025-05-03 17:48:04
MTR000637,BD09,2025-07-26 16:39:31
MTR000637,BD04,2025-07-26 16:39:31
MTR000637,BD03,2025-07-26 16:39:31
MTR000638,BD11,2024-04-15 03:09:35
MTR000638,BD06,2024-04-15 03:09:35
MTR000638,BD03,2024-04-15 03:09:35
MTR000639,BD09,2025-05-17 01:39:39
MTR000639,BD08,2025-05-17 01:39:39
MTR000639,BD10,2025-05-17 01:39:39
MTR000639,BD11,2025-05-17 01:39:39
MTR000640,BD06,2025-04-28 16:17:58
MTR000640,BD10,2025-04-28 16:17:58
MTR000640,BD03,2025-04-28 16:17:58
MTR000641,BD11,2026-01-02 03:29:49
MTR000641,BD06,2026-01-02 03:29:49
MTR000641,BD09,2026-01-02 03:29:49
MTR000642,BD11,2025-06-24 21:37:34
MTR000642,BD03,2025-06-24 21:37:34
MTR000642,BD09,2025-06-24 21:37:34
MTR000643,BD03,2024-02-23 04:30:53
MTR000643,BD06,2024-02-23 04:30:53
MTR000644,BD03,2024-01-16 09:07:24
MTR000644,BD11,2024-01-16 09:07:24
MTR000645,BD09,2024-06-01 06:42:25
MTR000645,BD07,2024-06-01 06:42:25
MTR000645,BD06,2024-06-01 06:42:25
MTR000645,BD03,2024-06-01 06:42:25
MTR000646,BD03,2024-10-15 04:30:37
MTR000646,BD09,2024-10-15 04:30:37
MTR000646,BD04,2024-10-15 04:30:37
MTR000647,BD05,2024-01-16 19:38:19
MTR000647,BD03,2024-01-16 19:38:19
MTR000647,BD01,2024-01-16 19:38:19
MTR000648,BD08,2026-05-02 12:49:03
MTR000648,BD03,2026-05-02 12:49:03
MTR000648,BD04,2026-05-02 12:49:03
MTR000649,BD05,2024-03-25 10:01:41
MTR000649,BD11,2024-03-25 10:01:41
MTR000650,BD12,2026-05-18 05:35:23
MTR000650,BD04,2026-05-18 05:35:23
MTR000650,BD09,2026-05-18 05:35:23
MTR000651,BD08,2025-06-21 22:15:12
MTR000651,BD03,2025-06-21 22:15:12
MTR000652,BD03,2024-07-25 11:14:50
MTR000652,BD06,2024-07-25 11:14:50
MTR000653,BD03,2024-01-17 13:54:45
MTR000653,BD08,2024-01-17 13:54:45
MTR000654,BD09,2024-06-24 21:43:08
MTR000654,BD03,2024-06-24 21:43:08
MTR000655,BD03,2024-03-17 04:23:03
MTR000655,BD10,2024-03-17 04:23:03
MTR000656,BD09,2025-07-16 20:54:34
MTR000656,BD03,2025-07-16 20:54:34
MTR000656,BD11,2025-07-16 20:54:34
MTR000657,BD03,2024-09-30 11:41:44
MTR000657,BD08,2024-09-30 11:41:44
MTR000657,BD12,2024-09-30 11:41:44
MTR000657,BD04,2024-09-30 11:41:44
MTR000658,BD03,2025-03-14 04:29:22
MTR000658,BD04,2025-03-14 04:29:22
MTR000659,BD12,2024-03-01 09:46:39
MTR000659,BD04,2024-03-01 09:46:39
MTR000659,BD09,2024-03-01 09:46:39
MTR000659,BD08,2024-03-01 09:46:39
MTR000660,BD08,2024-03-09 03:08:30
MTR000660,BD02,2024-03-09 03:08:30
MTR000660,BD09,2024-03-09 03:08:30
MTR000660,BD03,2024-03-09 03:08:30
MTR000661,BD03,2024-02-10 08:37:54
MTR000662,BD08,2025-08-22 22:51:23
MTR000662,BD09,2025-08-22 22:51:23
MTR000662,BD03,2025-08-22 22:51:23
MTR000663,BD10,2025-12-12 07:26:28
MTR000663,BD03,2025-12-12 07:26:28
MTR000663,BD06,2025-12-12 07:26:28
MTR000664,BD06,2024-02-21 20:40:01
MTR000664,BD03,2024-02-21 20:40:01
MTR000664,BD11,2024-02-21 20:40:01
MTR000665,BD03,2025-02-28 18:10:49
MTR000665,BD09,2025-02-28 18:10:49
MTR000665,BD04,2025-02-28 18:10:49
MTR000666,BD03,2025-01-19 17:09:22
MTR000666,BD04,2025-01-19 17:09:22
MTR000666,BD09,2025-01-19 17:09:22
MTR000666,BD08,2025-01-19 17:09:22
MTR000667,BD03,2025-06-28 10:35:19
MTR000667,BD08,2025-06-28 10:35:19
MTR000668,BD04,2026-02-20 10:32:12
MTR000668,BD03,2026-02-20 10:32:12
MTR000668,BD08,2026-02-20 10:32:12
MTR000669,BD09,2024-12-24 14:54:43
MTR000669,BD03,2024-12-24 14:54:43
MTR000669,BD01,2024-12-24 14:54:43
MTR000670,BD06,2024-08-15 07:54:36
MTR000670,BD05,2024-08-15 07:54:36
MTR000670,BD11,2024-08-15 07:54:36
MTR000670,BD03,2024-08-15 07:54:36
MTR000671,BD11,2025-09-13 21:44:03
MTR000671,BD05,2025-09-13 21:44:03
MTR000672,BD11,2025-08-08 01:53:35
MTR000672,BD06,2025-08-08 01:53:35
MTR000672,BD09,2025-08-08 01:53:35
MTR000673,BD04,2024-09-26 13:35:30
MTR000673,BD09,2024-09-26 13:35:30
MTR000673,BD03,2024-09-26 13:35:30
MTR000674,BD03,2025-03-09 17:50:35
MTR000674,BD08,2025-03-09 17:50:35
MTR000674,BD09,2025-03-09 17:50:35
MTR000674,BD12,2025-03-09 17:50:35
MTR000675,BD06,2024-07-10 00:52:57
MTR000675,BD11,2024-07-10 00:52:57
MTR000676,BD12,2025-01-09 11:42:57
MTR000676,BD09,2025-01-09 11:42:57
MTR000676,BD08,2025-01-09 11:42:57
MTR000677,BD03,2024-03-10 03:12:41
MTR000677,BD06,2024-03-10 03:12:41
MTR000678,BD02,2025-12-16 17:12:20
MTR000678,BD03,2025-12-16 17:12:20
MTR000679,BD03,2025-05-07 11:44:43
MTR000679,BD04,2025-05-07 11:44:43
MTR000680,BD03,2024-08-14 08:35:56
MTR000680,BD09,2024-08-14 08:35:56
MTR000681,BD12,2024-05-11 15:04:15
MTR000681,BD03,2024-05-11 15:04:15
MTR000681,BD09,2024-05-11 15:04:15
MTR000682,BD08,2024-04-01 18:13:47
MTR000682,BD03,2024-04-01 18:13:47
MTR000683,BD03,2025-02-08 11:05:28
MTR000683,BD04,2025-02-08 11:05:28
MTR000684,BD03,2024-11-06 07:36:22
MTR000684,BD04,2024-11-06 07:36:22
MTR000684,BD09,2024-11-06 07:36:22
MTR000685,BD09,2025-09-20 03:45:00
MTR000685,BD03,2025-09-20 03:45:00
MTR000686,BD10,2025-03-03 11:13:53
MTR000686,BD09,2025-03-03 11:13:53
MTR000687,BD03,2024-12-15 05:10:31
MTR000687,BD10,2024-12-15 05:10:31
MTR000687,BD07,2024-12-15 05:10:31
MTR000688,BD04,2024-04-15 02:14:16
MTR000688,BD08,2024-04-15 02:14:16
MTR000688,BD09,2024-04-15 02:14:16
MTR000688,BD03,2024-04-15 02:14:16
MTR000689,BD05,2025-08-21 09:19:37
MTR000689,BD09,2025-08-21 09:19:37
MTR000689,BD03,2025-08-21 09:19:37
MTR000690,BD03,2026-03-21 01:08:23
MTR000690,BD02,2026-03-21 01:08:23
MTR000690,BD09,2026-03-21 01:08:23
MTR000690,BD05,2026-03-21 01:08:23
MTR000691,BD03,2025-10-06 10:25:21
MTR000691,BD09,2025-10-06 10:25:21
MTR000691,BD02,2025-10-06 10:25:21
MTR000692,BD08,2024-02-04 04:37:36
MTR000692,BD03,2024-02-04 04:37:36
MTR000692,BD12,2024-02-04 04:37:36
MTR000693,BD12,2025-05-18 14:49:44
MTR000693,BD03,2025-05-18 14:49:44
MTR000693,BD04,2025-05-18 14:49:44
MTR000694,BD03,2024-07-24 18:33:40
MTR000694,BD04,2024-07-24 18:33:40
MTR000695,BD09,2025-12-25 09:14:48
MTR000695,BD03,2025-12-25 09:14:48
MTR000695,BD05,2025-12-25 09:14:48
MTR000696,BD03,2026-03-20 22:17:31
MTR000696,BD04,2026-03-20 22:17:31
MTR000697,BD03,2026-03-20 11:41:01
MTR000697,BD08,2026-03-20 11:41:01
MTR000697,BD09,2026-03-20 11:41:01
MTR000698,BD10,2025-09-27 09:36:52
MTR000698,BD09,2025-09-27 09:36:52
MTR000699,BD03,2025-05-30 04:46:36
MTR000699,BD04,2025-05-30 04:46:36
MTR000699,BD08,2025-05-30 04:46:36
MTR000699,BD09,2025-05-30 04:46:36
MTR000700,BD03,2025-07-31 23:08:28
MTR000701,BD11,2024-06-20 18:01:44
MTR000701,BD06,2024-06-20 18:01:44
MTR000701,BD09,2024-06-20 18:01:44
MTR000701,BD03,2024-06-20 18:01:44
MTR000702,BD11,2025-03-24 01:41:05
MTR000702,BD03,2025-03-24 01:41:05
MTR000703,BD03,2025-09-06 13:47:06
MTR000703,BD12,2025-09-06 13:47:06
MTR000704,BD03,2025-01-17 05:03:36
MTR000704,BD06,2025-01-17 05:03:36
MTR000704,BD04,2025-01-17 05:03:36
MTR000705,BD03,2024-03-24 05:41:20
MTR000705,BD04,2024-03-24 05:41:20
MTR000706,BD06,2024-12-03 07:55:22
MTR000706,BD11,2024-12-03 07:55:22
MTR000707,BD03,2025-02-02 06:33:22
MTR000707,BD04,2025-02-02 06:33:22
MTR000708,BD09,2024-09-29 21:46:55
MTR000708,BD04,2024-09-29 21:46:55
MTR000708,BD03,2024-09-29 21:46:55
MTR000709,BD08,2025-06-07 20:56:10
MTR000709,BD09,2025-06-07 20:56:10
MTR000710,BD10,2025-02-25 23:58:21
MTR000710,BD03,2025-02-25 23:58:21
MTR000711,BD11,2026-01-05 04:05:37
MTR000711,BD10,2026-01-05 04:05:37
MTR000711,BD06,2026-01-05 04:05:37
MTR000712,BD11,2025-03-05 07:42:44
MTR000712,BD07,2025-03-05 07:42:44
MTR000712,BD03,2025-03-05 07:42:44
MTR000712,BD06,2025-03-05 07:42:44
MTR000713,BD03,2024-03-23 12:23:37
MTR000713,BD04,2024-03-23 12:23:37
MTR000714,BD03,2025-08-16 14:03:36
MTR000714,BD09,2025-08-16 14:03:36
MTR000715,BD09,2024-02-21 05:34:40
MTR000715,BD07,2024-02-21 05:34:40
MTR000715,BD10,2024-02-21 05:34:40
MTR000715,BD03,2024-02-21 05:34:40
MTR000716,BD08,2025-02-01 18:59:49
MTR000716,BD03,2025-02-01 18:59:49
MTR000717,BD11,2025-01-30 12:40:42
MTR000717,BD03,2025-01-30 12:40:42
MTR000718,BD03,2026-05-10 15:42:51
MTR000718,BD06,2026-05-10 15:42:51
MTR000719,BD11,2024-11-10 10:44:31
MTR000719,BD03,2024-11-10 10:44:31
MTR000719,BD06,2024-11-10 10:44:31
MTR000720,BD03,2025-01-31 12:44:10
MTR000720,BD11,2025-01-31 12:44:10
MTR000721,BD09,2026-01-17 16:50:05
MTR000721,BD03,2026-01-17 16:50:05
MTR000721,BD10,2026-01-17 16:50:05
MTR000722,BD09,2024-05-23 01:16:21
MTR000722,BD10,2024-05-23 01:16:21
MTR000723,BD03,2026-05-14 13:02:55
MTR000723,BD09,2026-05-14 13:02:55
MTR000723,BD11,2026-05-14 13:02:55
MTR000724,BD03,2024-02-20 21:45:52
MTR000725,BD09,2025-05-18 08:08:46
MTR000725,BD05,2025-05-18 08:08:46
MTR000726,BD03,2026-05-18 23:19:57
MTR000726,BD11,2026-05-18 23:19:57
MTR000727,BD02,2025-09-08 00:23:06
MTR000727,BD03,2025-09-08 00:23:06
MTR000728,BD03,2024-02-13 12:54:18
MTR000729,BD03,2025-04-24 14:50:47
MTR000729,BD11,2025-04-24 14:50:47
MTR000730,BD06,2026-03-27 10:42:48
MTR000730,BD05,2026-03-27 10:42:48
MTR000730,BD11,2026-03-27 10:42:48
MTR000730,BD03,2026-03-27 10:42:48
MTR000731,BD09,2024-11-12 16:17:35
MTR000731,BD03,2024-11-12 16:17:35
MTR000732,BD03,2024-05-26 04:26:49
MTR000732,BD08,2024-05-26 04:26:49
MTR000732,BD09,2024-05-26 04:26:49
MTR000732,BD04,2024-05-26 04:26:49
MTR000733,BD06,2024-05-01 23:50:08
MTR000733,BD03,2024-05-01 23:50:08
MTR000733,BD09,2024-05-01 23:50:08
MTR000734,BD09,2026-01-20 13:44:07
MTR000734,BD03,2026-01-20 13:44:07
MTR000734,BD08,2026-01-20 13:44:07
MTR000735,BD03,2025-10-26 07:23:37
MTR000735,BD09,2025-10-26 07:23:37
MTR000735,BD08,2025-10-26 07:23:37
MTR000736,BD09,2024-07-08 13:15:13
MTR000736,BD11,2024-07-08 13:15:13
MTR000736,BD03,2024-07-08 13:15:13
MTR000737,BD10,2025-09-16 11:01:16
MTR000737,BD11,2025-09-16 11:01:16
MTR000737,BD03,2025-09-16 11:01:16
MTR000738,BD02,2026-02-21 07:06:59
MTR000738,BD03,2026-02-21 07:06:59
MTR000739,BD03,2025-03-02 13:40:16
MTR000739,BD02,2025-03-02 13:40:16
MTR000739,BD09,2025-03-02 13:40:16
MTR000740,BD09,2024-12-10 02:50:37
MTR000740,BD11,2024-12-10 02:50:37
MTR000740,BD06,2024-12-10 02:50:37
MTR000741,BD03,2025-12-30 19:47:17
MTR000741,BD11,2025-12-30 19:47:17
MTR000742,BD07,2025-03-10 11:50:37
MTR000742,BD03,2025-03-10 11:50:37
MTR000742,BD09,2025-03-10 11:50:37
MTR000742,BD06,2025-03-10 11:50:37
MTR000743,BD03,2026-01-19 10:31:30
MTR000743,BD09,2026-01-19 10:31:30
MTR000744,BD06,2025-01-28 09:56:07
MTR000744,BD03,2025-01-28 09:56:07
MTR000744,BD09,2025-01-28 09:56:07
MTR000744,BD11,2025-01-28 09:56:07
MTR000745,BD04,2024-05-26 05:07:55
MTR000745,BD03,2024-05-26 05:07:55
MTR000745,BD09,2024-05-26 05:07:55
MTR000745,BD12,2024-05-26 05:07:55
MTR000746,BD03,2025-02-20 05:01:31
MTR000746,BD11,2025-02-20 05:01:31
MTR000746,BD10,2025-02-20 05:01:31
MTR000747,BD04,2025-02-12 19:24:28
MTR000747,BD03,2025-02-12 19:24:28
MTR000748,BD04,2025-05-28 15:06:35
MTR000748,BD03,2025-05-28 15:06:35
MTR000749,BD03,2025-02-15 10:03:59
MTR000749,BD02,2025-02-15 10:03:59
MTR000750,BD09,2025-03-20 06:08:18
MTR000750,BD06,2025-03-20 06:08:18
MTR000751,BD03,2024-02-26 12:46:13
MTR000751,BD05,2024-02-26 12:46:13
MTR000751,BD06,2024-02-26 12:46:13
MTR000752,BD03,2025-09-16 03:45:40
MTR000752,BD08,2025-09-16 03:45:40
MTR000752,BD09,2025-09-16 03:45:40
MTR000752,BD02,2025-09-16 03:45:40
MTR000753,BD03,2024-10-03 18:57:12
MTR000753,BD06,2024-10-03 18:57:12
MTR000754,BD04,2025-02-26 21:52:03
MTR000754,BD03,2025-02-26 21:52:03
MTR000755,BD08,2025-12-08 00:52:55
MTR000755,BD03,2025-12-08 00:52:55
MTR000756,BD10,2025-05-01 14:48:28
MTR000756,BD03,2025-05-01 14:48:28
MTR000757,BD11,2024-06-15 23:20:01
MTR000757,BD09,2024-06-15 23:20:01
MTR000757,BD03,2024-06-15 23:20:01
MTR000758,BD03,2024-11-26 14:26:14
MTR000758,BD10,2024-11-26 14:26:14
MTR000758,BD11,2024-11-26 14:26:14
MTR000758,BD08,2024-11-26 14:26:14
MTR000759,BD03,2024-05-09 20:57:24
MTR000759,BD08,2024-05-09 20:57:24
MTR000759,BD11,2024-05-09 20:57:24
MTR000760,BD10,2025-04-28 05:01:45
MTR000760,BD03,2025-04-28 05:01:45
MTR000760,BD11,2025-04-28 05:01:45
MTR000760,BD09,2025-04-28 05:01:45
MTR000761,BD09,2026-01-05 00:10:26
MTR000761,BD03,2026-01-05 00:10:26
MTR000762,BD05,2025-08-28 10:23:38
MTR000762,BD02,2025-08-28 10:23:38
MTR000763,BD03,2024-11-01 14:58:51
MTR000764,BD09,2025-11-26 21:03:53
MTR000764,BD03,2025-11-26 21:03:53
MTR000764,BD06,2025-11-26 21:03:53
MTR000765,BD03,2024-07-06 22:58:52
MTR000765,BD09,2024-07-06 22:58:52
MTR000766,BD03,2024-11-25 18:20:47
MTR000766,BD06,2024-11-25 18:20:47
MTR000766,BD01,2024-11-25 18:20:47
MTR000767,BD09,2024-05-27 00:21:25
MTR000767,BD11,2024-05-27 00:21:25
MTR000767,BD03,2024-05-27 00:21:25
MTR000768,BD09,2025-05-30 13:41:05
MTR000768,BD02,2025-05-30 13:41:05
MTR000769,BD09,2026-02-21 09:36:51
MTR000769,BD03,2026-02-21 09:36:51
MTR000769,BD10,2026-02-21 09:36:51
MTR000770,BD04,2025-12-12 11:29:22
MTR000770,BD03,2025-12-12 11:29:22
MTR000770,BD08,2025-12-12 11:29:22
MTR000771,BD03,2024-11-16 02:48:36
MTR000771,BD09,2024-11-16 02:48:36
MTR000772,BD03,2026-03-07 22:21:10
MTR000772,BD11,2026-03-07 22:21:10
MTR000773,BD03,2024-03-19 00:37:10
MTR000773,BD06,2024-03-19 00:37:10
MTR000774,BD06,2024-04-18 09:41:20
MTR000774,BD03,2024-04-18 09:41:20
MTR000775,BD09,2025-10-06 06:23:08
MTR000775,BD03,2025-10-06 06:23:08
MTR000775,BD06,2025-10-06 06:23:08
MTR000775,BD11,2025-10-06 06:23:08
MTR000776,BD08,2025-01-21 14:52:05
MTR000776,BD03,2025-01-21 14:52:05
MTR000777,BD02,2026-03-15 19:02:20
MTR000777,BD03,2026-03-15 19:02:20
MTR000777,BD08,2026-03-15 19:02:20
MTR000777,BD09,2026-03-15 19:02:20
MTR000778,BD03,2025-11-25 03:31:24
MTR000778,BD06,2025-11-25 03:31:24
MTR000779,BD09,2025-05-13 12:04:00
MTR000779,BD03,2025-05-13 12:04:00
MTR000780,BD03,2026-02-06 00:18:21
MTR000780,BD04,2026-02-06 00:18:21
MTR000780,BD09,2026-02-06 00:18:21
MTR000781,BD03,2024-09-19 00:55:18
MTR000781,BD05,2024-09-19 00:55:18
MTR000781,BD09,2024-09-19 00:55:18
MTR000782,BD04,2024-03-17 06:14:08
MTR000782,BD09,2024-03-17 06:14:08
MTR000782,BD03,2024-03-17 06:14:08
MTR000783,BD03,2024-08-12 20:43:28
MTR000784,BD04,2026-04-08 14:19:40
MTR000784,BD03,2026-04-08 14:19:40
MTR000784,BD12,2026-04-08 14:19:40
MTR000785,BD04,2025-04-27 09:09:20
MTR000785,BD06,2025-04-27 09:09:20
MTR000786,BD03,2024-11-28 19:30:05
MTR000786,BD08,2024-11-28 19:30:05
MTR000787,BD03,2024-01-13 22:34:30
MTR000788,BD03,2024-10-29 21:41:35
MTR000788,BD09,2024-10-29 21:41:35
MTR000789,BD09,2026-03-23 21:04:48
MTR000789,BD06,2026-03-23 21:04:48
MTR000789,BD11,2026-03-23 21:04:48
MTR000790,BD03,2024-11-17 23:54:46
MTR000790,BD09,2024-11-17 23:54:46
MTR000791,BD06,2024-11-20 12:28:55
MTR000791,BD03,2024-11-20 12:28:55
MTR000791,BD11,2024-11-20 12:28:55
MTR000792,BD03,2026-03-13 14:02:07
MTR000792,BD09,2026-03-13 14:02:07
MTR000793,BD03,2025-09-02 18:35:14
MTR000793,BD04,2025-09-02 18:35:14
MTR000793,BD08,2025-09-02 18:35:14
MTR000794,BD11,2024-06-06 06:02:27
MTR000794,BD09,2024-06-06 06:02:27
MTR000795,BD06,2025-05-20 07:31:22
MTR000795,BD07,2025-05-20 07:31:22
MTR000795,BD09,2025-05-20 07:31:22
MTR000795,BD11,2025-05-20 07:31:22
MTR000796,BD02,2024-09-03 05:21:16
MTR000796,BD03,2024-09-03 05:21:16
MTR000796,BD08,2024-09-03 05:21:16
MTR000797,BD11,2024-02-02 18:24:52
MTR000797,BD06,2024-02-02 18:24:52
MTR000797,BD03,2024-02-02 18:24:52
MTR000798,BD03,2025-08-17 15:54:28
MTR000798,BD09,2025-08-17 15:54:28
MTR000799,BD11,2024-06-26 05:45:20
MTR000799,BD09,2024-06-26 05:45:20
MTR000800,BD03,2024-08-16 13:15:30
MTR000801,BD05,2024-03-18 08:08:02
MTR000801,BD03,2024-03-18 08:08:02
MTR000801,BD09,2024-03-18 08:08:02
MTR000802,BD06,2024-12-16 20:31:23
MTR000802,BD03,2024-12-16 20:31:23
MTR000802,BD04,2024-12-16 20:31:23
MTR000803,BD12,2026-04-14 23:25:22
MTR000803,BD03,2026-04-14 23:25:22
MTR000803,BD04,2026-04-14 23:25:22
MTR000803,BD09,2026-04-14 23:25:22
MTR000804,BD03,2025-01-31 02:14:33
MTR000805,BD08,2024-01-26 19:23:19
MTR000805,BD09,2024-01-26 19:23:19
MTR000806,BD03,2024-07-14 21:50:13
MTR000806,BD11,2024-07-14 21:50:13
MTR000806,BD06,2024-07-14 21:50:13
MTR000807,BD03,2024-08-24 18:35:27
MTR000807,BD06,2024-08-24 18:35:27
MTR000808,BD11,2025-07-03 22:42:36
MTR000808,BD06,2025-07-03 22:42:36
MTR000809,BD11,2024-09-28 10:31:32
MTR000809,BD09,2024-09-28 10:31:32
MTR000809,BD03,2024-09-28 10:31:32
MTR000810,BD04,2024-11-02 17:01:40
MTR000810,BD08,2024-11-02 17:01:40
MTR000811,BD09,2024-06-18 11:12:22
MTR000811,BD03,2024-06-18 11:12:22
MTR000812,BD03,2024-01-08 17:27:41
MTR000812,BD09,2024-01-08 17:27:41
MTR000813,BD09,2024-07-07 03:39:25
MTR000813,BD06,2024-07-07 03:39:25
MTR000813,BD03,2024-07-07 03:39:25
MTR000814,BD11,2025-02-01 12:51:39
MTR000814,BD03,2025-02-01 12:51:39
MTR000815,BD02,2024-05-13 09:45:52
MTR000815,BD03,2024-05-13 09:45:52
MTR000816,BD04,2024-12-16 23:55:34
MTR000816,BD08,2024-12-16 23:55:34
MTR000816,BD09,2024-12-16 23:55:34
MTR000816,BD03,2024-12-16 23:55:34
MTR000817,BD09,2025-09-25 20:30:30
MTR000817,BD03,2025-09-25 20:30:30
MTR000817,BD11,2025-09-25 20:30:30
MTR000818,BD03,2025-03-13 06:52:52
MTR000818,BD08,2025-03-13 06:52:52
MTR000819,BD02,2024-04-28 01:41:00
MTR000819,BD03,2024-04-28 01:41:00
MTR000819,BD08,2024-04-28 01:41:00
MTR000820,BD07,2024-11-16 01:05:37
MTR000820,BD09,2024-11-16 01:05:37
MTR000820,BD11,2024-11-16 01:05:37
MTR000820,BD03,2024-11-16 01:05:37
MTR000821,BD06,2024-10-13 20:31:40
MTR000821,BD09,2024-10-13 20:31:40
MTR000821,BD03,2024-10-13 20:31:40
MTR000822,BD09,2024-10-04 21:10:23
MTR000822,BD03,2024-10-04 21:10:23
MTR000822,BD01,2024-10-04 21:10:23
MTR000823,BD09,2025-03-11 17:32:15
MTR000823,BD03,2025-03-11 17:32:15
MTR000823,BD04,2025-03-11 17:32:15
MTR000824,BD05,2025-06-28 08:31:23
MTR000824,BD09,2025-06-28 08:31:23
MTR000824,BD06,2025-06-28 08:31:23
MTR000825,BD01,2025-07-19 22:26:25
MTR000825,BD03,2025-07-19 22:26:25
MTR000825,BD09,2025-07-19 22:26:25
MTR000826,BD05,2024-11-13 04:36:48
MTR000826,BD03,2024-11-13 04:36:48
MTR000826,BD09,2024-11-13 04:36:48
MTR000826,BD01,2024-11-13 04:36:48
MTR000827,BD07,2025-06-09 16:44:34
MTR000827,BD06,2025-06-09 16:44:34
MTR000827,BD03,2025-06-09 16:44:34
MTR000828,BD09,2025-12-25 00:48:20
MTR000828,BD06,2025-12-25 00:48:20
MTR000829,BD06,2025-01-18 15:09:53
MTR000829,BD09,2025-01-18 15:09:53
MTR000830,BD03,2025-01-26 23:57:51
MTR000830,BD06,2025-01-26 23:57:51
MTR000831,BD01,2024-04-18 04:19:08
MTR000831,BD06,2024-04-18 04:19:08
MTR000831,BD03,2024-04-18 04:19:08
MTR000832,BD11,2024-12-12 12:44:10
MTR000832,BD06,2024-12-12 12:44:10
MTR000832,BD03,2024-12-12 12:44:10
MTR000833,BD08,2025-05-13 00:56:19
MTR000833,BD09,2025-05-13 00:56:19
MTR000834,BD03,2024-11-21 00:27:40
MTR000834,BD09,2024-11-21 00:27:40
MTR000835,BD03,2025-04-02 11:08:15
MTR000835,BD09,2025-04-02 11:08:15
MTR000836,BD03,2025-08-05 07:58:40
MTR000836,BD09,2025-08-05 07:58:40
MTR000837,BD11,2026-03-30 16:27:34
MTR000837,BD07,2026-03-30 16:27:34
MTR000837,BD03,2026-03-30 16:27:34
MTR000838,BD03,2025-07-22 12:43:15
MTR000838,BD08,2025-07-22 12:43:15
MTR000839,BD03,2025-10-15 06:01:29
MTR000839,BD04,2025-10-15 06:01:29
MTR000839,BD08,2025-10-15 06:01:29
MTR000840,BD03,2026-03-01 16:38:49
MTR000840,BD06,2026-03-01 16:38:49
MTR000841,BD08,2026-04-26 18:55:21
MTR000841,BD09,2026-04-26 18:55:21
MTR000841,BD04,2026-04-26 18:55:21
MTR000841,BD03,2026-04-26 18:55:21
MTR000842,BD10,2025-07-03 14:27:32
MTR000842,BD03,2025-07-03 14:27:32
MTR000842,BD09,2025-07-03 14:27:32
MTR000843,BD04,2025-10-09 21:12:20
MTR000843,BD03,2025-10-09 21:12:20
MTR000844,BD03,2024-09-16 10:52:08
MTR000844,BD08,2024-09-16 10:52:08
MTR000845,BD03,2024-08-16 22:46:38
MTR000845,BD10,2024-08-16 22:46:38
MTR000846,BD03,2025-11-30 15:59:59
MTR000847,BD09,2025-12-30 14:28:11
MTR000847,BD03,2025-12-30 14:28:11
MTR000848,BD03,2026-03-11 17:35:34
MTR000849,BD09,2024-01-24 09:45:11
MTR000849,BD03,2024-01-24 09:45:11
MTR000849,BD11,2024-01-24 09:45:11
MTR000850,BD06,2024-02-24 19:44:59
MTR000850,BD03,2024-02-24 19:44:59
MTR000850,BD09,2024-02-24 19:44:59
MTR000851,BD03,2025-07-27 08:09:36
MTR000851,BD08,2025-07-27 08:09:36
MTR000851,BD09,2025-07-27 08:09:36
MTR000851,BD04,2025-07-27 08:09:36
MTR000852,BD06,2026-01-22 03:13:45
MTR000852,BD03,2026-01-22 03:13:45
MTR000852,BD09,2026-01-22 03:13:45
MTR000852,BD11,2026-01-22 03:13:45
MTR000853,BD02,2025-06-16 19:39:24
MTR000853,BD09,2025-06-16 19:39:24
MTR000853,BD05,2025-06-16 19:39:24
MTR000854,BD03,2024-03-14 19:20:40
MTR000855,BD03,2025-11-12 07:02:35
MTR000856,BD08,2025-08-20 05:51:45
MTR000856,BD03,2025-08-20 05:51:45
MTR000857,BD03,2026-05-13 13:40:09
MTR000857,BD06,2026-05-13 13:40:09
MTR000857,BD09,2026-05-13 13:40:09
MTR000858,BD03,2024-12-11 13:57:23
MTR000858,BD04,2024-12-11 13:57:23
MTR000858,BD12,2024-12-11 13:57:23
MTR000859,BD09,2026-01-17 16:03:17
MTR000859,BD03,2026-01-17 16:03:17
MTR000860,BD11,2026-05-21 18:18:36
MTR000860,BD05,2026-05-21 18:18:36
MTR000860,BD09,2026-05-21 18:18:36
MTR000860,BD03,2026-05-21 18:18:36
MTR000861,BD09,2025-11-22 08:21:13
MTR000861,BD03,2025-11-22 08:21:13
MTR000862,BD09,2025-05-19 06:29:43
MTR000862,BD08,2025-05-19 06:29:43
MTR000862,BD03,2025-05-19 06:29:43
MTR000862,BD04,2025-05-19 06:29:43
MTR000863,BD03,2024-12-14 05:21:14
MTR000863,BD09,2024-12-14 05:21:14
MTR000864,BD03,2025-01-10 15:12:51
MTR000865,BD04,2024-06-04 06:01:51
MTR000865,BD08,2024-06-04 06:01:51
MTR000866,BD11,2025-06-26 21:53:39
MTR000866,BD09,2025-06-26 21:53:39
MTR000867,BD12,2025-10-13 06:57:27
MTR000867,BD03,2025-10-13 06:57:27
MTR000867,BD04,2025-10-13 06:57:27
MTR000868,BD03,2024-02-29 12:46:03
MTR000868,BD09,2024-02-29 12:46:03
MTR000868,BD06,2024-02-29 12:46:03
MTR000869,BD09,2025-10-28 18:53:46
MTR000869,BD11,2025-10-28 18:53:46
MTR000869,BD03,2025-10-28 18:53:46
MTR000870,BD03,2025-09-03 15:45:03
MTR000871,BD03,2025-12-11 17:36:10
MTR000872,BD01,2024-03-14 06:19:01
MTR000872,BD09,2024-03-14 06:19:01
MTR000872,BD05,2024-03-14 06:19:01
MTR000872,BD06,2024-03-14 06:19:01
MTR000873,BD03,2024-06-26 19:34:11
MTR000873,BD09,2024-06-26 19:34:11
MTR000874,BD02,2026-04-26 05:15:38
MTR000874,BD03,2026-04-26 05:15:38
MTR000875,BD09,2025-08-20 21:10:52
MTR000875,BD03,2025-08-20 21:10:52
MTR000876,BD03,2025-02-26 06:19:06
MTR000876,BD09,2025-02-26 06:19:06
MTR000876,BD02,2025-02-26 06:19:06
MTR000877,BD06,2025-10-18 02:34:50
MTR000877,BD07,2025-10-18 02:34:50
MTR000877,BD10,2025-10-18 02:34:50
MTR000877,BD03,2025-10-18 02:34:50
MTR000878,BD11,2025-04-21 17:35:50
MTR000878,BD03,2025-04-21 17:35:50
MTR000878,BD06,2025-04-21 17:35:50
MTR000878,BD09,2025-04-21 17:35:50
MTR000879,BD11,2025-12-30 05:40:20
MTR000879,BD03,2025-12-30 05:40:20
MTR000879,BD09,2025-12-30 05:40:20
MTR000880,BD03,2024-10-18 17:48:24
MTR000880,BD08,2024-10-18 17:48:24
MTR000880,BD09,2024-10-18 17:48:24
MTR000881,BD11,2026-03-30 11:40:58
MTR000881,BD10,2026-03-30 11:40:58
MTR000882,BD06,2024-02-08 18:09:18
MTR000882,BD11,2024-02-08 18:09:18
MTR000883,BD12,2025-12-02 19:31:20
MTR000883,BD09,2025-12-02 19:31:20
MTR000883,BD04,2025-12-02 19:31:20
MTR000883,BD08,2025-12-02 19:31:20
MTR000884,BD08,2024-04-11 09:08:27
MTR000884,BD09,2024-04-11 09:08:27
MTR000885,BD03,2025-04-19 08:34:57
MTR000885,BD04,2025-04-19 08:34:57
MTR000886,BD11,2024-02-01 21:38:56
MTR000886,BD03,2024-02-01 21:38:56
MTR000887,BD11,2025-01-17 07:36:10
MTR000887,BD03,2025-01-17 07:36:10
MTR000888,BD03,2025-10-02 07:57:18
MTR000888,BD06,2025-10-02 07:57:18
MTR000888,BD11,2025-10-02 07:57:18
MTR000888,BD10,2025-10-02 07:57:18
MTR000889,BD03,2025-09-19 20:38:52
MTR000889,BD06,2025-09-19 20:38:52
MTR000889,BD01,2025-09-19 20:38:52
MTR000890,BD06,2025-06-20 15:01:44
MTR000890,BD03,2025-06-20 15:01:44
MTR000891,BD10,2025-08-31 20:15:06
MTR000891,BD03,2025-08-31 20:15:06
MTR000892,BD03,2025-08-04 00:30:02
MTR000892,BD09,2025-08-04 00:30:02
MTR000893,BD03,2026-01-09 21:01:36
MTR000893,BD08,2026-01-09 21:01:36
MTR000894,BD01,2024-10-18 18:05:04
MTR000894,BD03,2024-10-18 18:05:04
MTR000895,BD03,2024-04-15 11:58:43
MTR000895,BD04,2024-04-15 11:58:43
MTR000895,BD09,2024-04-15 11:58:43
MTR000896,BD04,2024-12-08 21:13:33
MTR000896,BD03,2024-12-08 21:13:33
MTR000896,BD06,2024-12-08 21:13:33
MTR000897,BD03,2026-05-16 12:49:40
MTR000897,BD08,2026-05-16 12:49:40
MTR000897,BD09,2026-05-16 12:49:40
MTR000898,BD11,2024-03-10 15:07:49
MTR000898,BD09,2024-03-10 15:07:49
MTR000899,BD03,2024-12-14 05:32:15
MTR000899,BD08,2024-12-14 05:32:15
MTR000900,BD11,2024-11-19 03:19:39
MTR000900,BD03,2024-11-19 03:19:39
MTR000901,BD03,2024-03-21 07:53:10
MTR000901,BD06,2024-03-21 07:53:10
MTR000901,BD11,2024-03-21 07:53:10
MTR000902,BD11,2025-05-14 09:51:59
MTR000902,BD03,2025-05-14 09:51:59
MTR000903,BD06,2025-03-25 12:15:44
MTR000903,BD03,2025-03-25 12:15:44
MTR000904,BD03,2024-07-18 16:28:20
MTR000904,BD09,2024-07-18 16:28:20
MTR000905,BD09,2024-03-03 23:39:58
MTR000905,BD03,2024-03-03 23:39:58
MTR000905,BD08,2024-03-03 23:39:58
MTR000906,BD11,2025-03-09 02:51:31
MTR000906,BD03,2025-03-09 02:51:31
MTR000906,BD06,2025-03-09 02:51:31
MTR000907,BD03,2025-09-09 15:17:41
MTR000907,BD04,2025-09-09 15:17:41
MTR000907,BD09,2025-09-09 15:17:41
MTR000907,BD06,2025-09-09 15:17:41
MTR000908,BD03,2025-04-21 18:33:19
MTR000908,BD09,2025-04-21 18:33:19
MTR000908,BD08,2025-04-21 18:33:19
MTR000909,BD10,2024-03-18 10:51:25
MTR000909,BD03,2024-03-18 10:51:25
MTR000910,BD12,2024-04-07 01:07:05
MTR000910,BD09,2024-04-07 01:07:05
MTR000910,BD03,2024-04-07 01:07:05
MTR000910,BD08,2024-04-07 01:07:05
MTR000911,BD06,2026-01-28 05:02:23
MTR000911,BD03,2026-01-28 05:02:23
MTR000911,BD11,2026-01-28 05:02:23
MTR000912,BD03,2025-04-13 16:55:53
MTR000913,BD03,2025-02-05 05:01:45
MTR000913,BD09,2025-02-05 05:01:45
MTR000914,BD11,2026-02-07 08:42:19
MTR000914,BD03,2026-02-07 08:42:19
MTR000915,BD05,2025-09-26 01:16:21
MTR000915,BD11,2025-09-26 01:16:21
MTR000915,BD03,2025-09-26 01:16:21
MTR000916,BD10,2025-03-09 16:14:04
MTR000916,BD08,2025-03-09 16:14:04
MTR000916,BD11,2025-03-09 16:14:04
MTR000916,BD03,2025-03-09 16:14:04
MTR000917,BD08,2024-08-13 02:30:34
MTR000917,BD04,2024-08-13 02:30:34
MTR000918,BD09,2026-03-09 08:34:11
MTR000918,BD11,2026-03-09 08:34:11
MTR000918,BD05,2026-03-09 08:34:11
MTR000918,BD06,2026-03-09 08:34:11
MTR000919,BD03,2024-12-02 00:45:48
MTR000919,BD08,2024-12-02 00:45:48
MTR000919,BD04,2024-12-02 00:45:48
MTR000920,BD09,2025-12-02 19:39:23
MTR000920,BD03,2025-12-02 19:39:23
MTR000920,BD12,2025-12-02 19:39:23
MTR000921,BD03,2024-05-28 04:36:07
MTR000921,BD10,2024-05-28 04:36:07
MTR000921,BD07,2024-05-28 04:36:07
MTR000921,BD06,2024-05-28 04:36:07
MTR000922,BD03,2024-05-22 18:23:54
MTR000922,BD06,2024-05-22 18:23:54
MTR000923,BD03,2024-04-04 04:46:56
MTR000924,BD09,2024-05-13 14:42:43
MTR000924,BD11,2024-05-13 14:42:43
MTR000924,BD03,2024-05-13 14:42:43
MTR000925,BD11,2025-10-08 14:50:39
MTR000925,BD06,2025-10-08 14:50:39
MTR000926,BD06,2025-02-10 02:17:34
MTR000926,BD05,2025-02-10 02:17:34
MTR000926,BD03,2025-02-10 02:17:34
MTR000927,BD08,2024-09-12 06:20:28
MTR000927,BD03,2024-09-12 06:20:28
MTR000928,BD09,2025-05-01 14:39:37
MTR000928,BD11,2025-05-01 14:39:37
MTR000928,BD03,2025-05-01 14:39:37
MTR000929,BD06,2024-07-19 14:53:36
MTR000929,BD01,2024-07-19 14:53:36
MTR000930,BD12,2026-04-22 02:11:28
MTR000930,BD09,2026-04-22 02:11:28
MTR000931,BD03,2024-04-14 10:30:13
MTR000931,BD06,2024-04-14 10:30:13
MTR000931,BD05,2024-04-14 10:30:13
MTR000932,BD11,2025-05-30 16:52:39
MTR000932,BD06,2025-05-30 16:52:39
MTR000932,BD03,2025-05-30 16:52:39
MTR000932,BD05,2025-05-30 16:52:39
MTR000933,BD04,2026-01-26 13:23:45
MTR000933,BD03,2026-01-26 13:23:45
MTR000933,BD08,2026-01-26 13:23:45
MTR000934,BD04,2024-01-17 10:15:04
MTR000934,BD12,2024-01-17 10:15:04
MTR000935,BD09,2025-01-09 23:45:15
MTR000935,BD03,2025-01-09 23:45:15
MTR000936,BD03,2024-07-08 15:23:26
MTR000936,BD04,2024-07-08 15:23:26
MTR000937,BD06,2024-06-23 14:58:43
MTR000937,BD03,2024-06-23 14:58:43
MTR000938,BD06,2025-09-16 09:01:35
MTR000938,BD11,2025-09-16 09:01:35
MTR000938,BD03,2025-09-16 09:01:35
MTR000938,BD09,2025-09-16 09:01:35
MTR000939,BD09,2024-08-26 03:42:39
MTR000939,BD08,2024-08-26 03:42:39
MTR000939,BD03,2024-08-26 03:42:39
MTR000940,BD11,2025-03-11 03:52:40
MTR000940,BD03,2025-03-11 03:52:40
MTR000941,BD11,2024-07-04 14:27:17
MTR000941,BD03,2024-07-04 14:27:17
MTR000942,BD08,2024-11-03 04:48:17
MTR000942,BD09,2024-11-03 04:48:17
MTR000942,BD03,2024-11-03 04:48:17
MTR000942,BD04,2024-11-03 04:48:17
MTR000943,BD07,2024-05-10 08:25:14
MTR000943,BD10,2024-05-10 08:25:14
MTR000944,BD04,2025-04-21 23:44:41
MTR000944,BD03,2025-04-21 23:44:41
MTR000945,BD06,2026-04-09 20:17:34
MTR000945,BD03,2026-04-09 20:17:34
MTR000946,BD11,2025-08-24 01:36:33
MTR000946,BD02,2025-08-24 01:36:33
MTR000946,BD03,2025-08-24 01:36:33
MTR000946,BD05,2025-08-24 01:36:33
MTR000947,BD05,2025-03-01 21:48:56
MTR000947,BD11,2025-03-01 21:48:56
MTR000947,BD09,2025-03-01 21:48:56
MTR000947,BD03,2025-03-01 21:48:56
MTR000948,BD09,2024-02-15 11:28:14
MTR000948,BD05,2024-02-15 11:28:14
MTR000948,BD02,2024-02-15 11:28:14
MTR000949,BD03,2025-11-24 02:18:05
MTR000949,BD04,2025-11-24 02:18:05
MTR000950,BD11,2025-09-19 07:52:56
MTR000950,BD09,2025-09-19 07:52:56
MTR000950,BD03,2025-09-19 07:52:56
MTR000951,BD12,2025-05-21 21:27:37
MTR000951,BD04,2025-05-21 21:27:37
MTR000952,BD11,2024-04-13 15:12:41
MTR000952,BD09,2024-04-13 15:12:41
MTR000953,BD06,2026-02-26 05:59:27
MTR000953,BD11,2026-02-26 05:59:27
MTR000953,BD09,2026-02-26 05:59:27
MTR000953,BD03,2026-02-26 05:59:27
MTR000954,BD07,2026-05-14 18:51:10
MTR000954,BD06,2026-05-14 18:51:10
MTR000954,BD10,2026-05-14 18:51:10
MTR000954,BD03,2026-05-14 18:51:10
MTR000955,BD07,2026-03-26 11:02:50
MTR000955,BD10,2026-03-26 11:02:50
MTR000956,BD03,2024-07-06 07:01:59
MTR000956,BD08,2024-07-06 07:01:59
MTR000957,BD03,2024-02-21 15:48:54
MTR000957,BD10,2024-02-21 15:48:54
MTR000958,BD09,2024-07-08 19:02:38
MTR000958,BD10,2024-07-08 19:02:38
MTR000959,BD08,2026-01-22 14:33:49
MTR000959,BD03,2026-01-22 14:33:49
MTR000960,BD08,2024-10-16 19:27:46
MTR000960,BD04,2024-10-16 19:27:46
MTR000961,BD03,2025-11-22 18:24:43
MTR000961,BD09,2025-11-22 18:24:43
MTR000961,BD06,2025-11-22 18:24:43
MTR000962,BD03,2025-07-11 22:33:55
MTR000962,BD02,2025-07-11 22:33:55
MTR000963,BD09,2024-01-10 03:43:38
MTR000963,BD06,2024-01-10 03:43:38
MTR000964,BD09,2024-11-23 13:03:03
MTR000964,BD03,2024-11-23 13:03:03
MTR000965,BD03,2024-04-27 09:45:14
MTR000965,BD11,2024-04-27 09:45:14
MTR000966,BD03,2025-03-13 23:52:33
MTR000966,BD09,2025-03-13 23:52:33
MTR000967,BD12,2024-06-08 14:33:18
MTR000967,BD04,2024-06-08 14:33:18
MTR000967,BD03,2024-06-08 14:33:18
MTR000967,BD09,2024-06-08 14:33:18
MTR000968,BD04,2024-08-02 15:33:08
MTR000968,BD08,2024-08-02 15:33:08
MTR000969,BD03,2024-03-28 12:34:12
MTR000969,BD05,2024-03-28 12:34:12
MTR000969,BD09,2024-03-28 12:34:12
MTR000970,BD08,2024-12-12 07:24:43
MTR000970,BD09,2024-12-12 07:24:43
MTR000971,BD06,2025-05-02 18:06:55
MTR000971,BD03,2025-05-02 18:06:55
MTR000971,BD11,2025-05-02 18:06:55
MTR000972,BD12,2024-01-18 14:33:13
MTR000972,BD03,2024-01-18 14:33:13
MTR000973,BD02,2026-04-26 16:08:50
MTR000973,BD09,2026-04-26 16:08:50
MTR000973,BD03,2026-04-26 16:08:50
MTR000974,BD03,2024-12-05 05:39:10
MTR000974,BD08,2024-12-05 05:39:10
MTR000974,BD02,2024-12-05 05:39:10
MTR000975,BD03,2025-06-05 07:34:45
MTR000976,BD03,2025-03-01 09:12:48
MTR000976,BD04,2025-03-01 09:12:48
MTR000976,BD06,2025-03-01 09:12:48
MTR000976,BD09,2025-03-01 09:12:48
MTR000977,BD03,2024-05-04 20:54:55
MTR000978,BD03,2024-07-05 00:31:54
MTR000978,BD09,2024-07-05 00:31:54
MTR000979,BD09,2024-05-25 19:36:24
MTR000979,BD03,2024-05-25 19:36:24
MTR000980,BD03,2025-04-06 01:24:34
MTR000980,BD08,2025-04-06 01:24:34
MTR000981,BD03,2024-01-18 03:24:11
MTR000981,BD05,2024-01-18 03:24:11
MTR000981,BD09,2024-01-18 03:24:11
MTR000982,BD03,2024-03-27 14:44:21
MTR000982,BD06,2024-03-27 14:44:21
MTR000983,BD09,2024-10-02 12:33:12
MTR000983,BD04,2024-10-02 12:33:12
MTR000984,BD03,2026-03-16 08:25:08
MTR000984,BD11,2026-03-16 08:25:08
MTR000985,BD06,2025-11-14 07:04:38
MTR000985,BD03,2025-11-14 07:04:38
MTR000986,BD12,2024-11-29 05:17:43
MTR000986,BD03,2024-11-29 05:17:43
MTR000986,BD09,2024-11-29 05:17:43
MTR000986,BD08,2024-11-29 05:17:43
MTR000987,BD08,2025-06-12 02:29:46
MTR000987,BD03,2025-06-12 02:29:46
MTR000987,BD09,2025-06-12 02:29:46
MTR000988,BD08,2024-09-09 17:27:09
MTR000988,BD03,2024-09-09 17:27:09
MTR000989,BD03,2025-05-06 08:36:41
MTR000989,BD08,2025-05-06 08:36:41
MTR000990,BD03,2025-01-06 11:02:49
MTR000991,BD03,2026-04-14 22:51:33
MTR000991,BD06,2026-04-14 22:51:33
MTR000992,BD11,2024-12-28 13:08:11
MTR000992,BD09,2024-12-28 13:08:11
MTR000992,BD03,2024-12-28 13:08:11
MTR000993,BD08,2024-01-15 19:29:10
MTR000993,BD04,2024-01-15 19:29:10
MTR000994,BD07,2024-06-12 23:16:19
MTR000994,BD10,2024-06-12 23:16:19
MTR000995,BD06,2025-04-07 12:59:41
MTR000995,BD09,2025-04-07 12:59:41
MTR000995,BD03,2025-04-07 12:59:41
MTR000996,BD04,2026-02-10 06:32:10
MTR000996,BD03,2026-02-10 06:32:10
MTR000997,BD07,2024-02-26 05:28:26
MTR000997,BD06,2024-02-26 05:28:26
MTR000997,BD03,2024-02-26 05:28:26
MTR000997,BD09,2024-02-26 05:28:26
MTR000998,BD02,2026-05-22 17:44:53
MTR000998,BD03,2026-05-22 17:44:53
MTR000998,BD09,2026-05-22 17:44:53
MTR000999,BD04,2024-03-06 21:54:09
MTR000999,BD03,2024-03-06 21:54:09
MTR001000,BD03,2024-10-01 23:20:45
MTR001000,BD11,2024-10-01 23:20:45
MTR001000,BD10,2024-10-01 23:20:45
