mitra_id,bidang_kemitraan_id,created_at
MTR000001,BK09,2025-03-20 03:08:36
MTR000001,BK02,2025-03-20 03:08:36
MTR000001,BK07,2025-03-20 03:08:36
MTR000001,BK04,2025-03-20 03:08:36
MTR000002,BK03,2024-11-23 23:07:57
MTR000002,BK05,2024-11-23 23:07:57
MTR000003,BK02,2024-09-18 03:25:44
MTR000003,BK10,2024-09-18 03:25:44
MTR000003,BK12,2024-09-18 03:25:44
MTR000004,BK10,2025-04-01 01:56:38
MTR000004,BK02,2025-04-01 01:56:38
MTR000005,BK04,2026-04-20 08:49:37
MTR000005,BK02,2026-04-20 08:49:37
MTR000006,BK03,2026-05-13 17:46:14
MTR000006,BK06,2026-05-13 17:46:14
MTR000007,BK07,2024-06-20 10:57:37
MTR000007,BK09,2024-06-20 10:57:37
MTR000007,BK02,2024-06-20 10:57:37
MTR000007,BK04,2024-06-20 10:57:37
MTR000008,BK04,2026-02-10 14:51:43
MTR000008,BK02,2026-02-10 14:51:43
MTR000008,BK10,2026-02-10 14:51:43
MTR000009,BK02,2025-10-02 04:28:26
MTR000009,BK04,2025-10-02 04:28:26
MTR000009,BK12,2025-10-02 04:28:26
MTR000009,BK10,2025-10-02 04:28:26
MTR000010,BK04,2025-03-14 09:21:42
MTR000010,BK10,2025-03-14 09:21:42
MTR000010,BK02,2025-03-14 09:21:42
MTR000011,BK10,2025-04-12 23:40:45
MTR000011,BK03,2025-04-12 23:40:45
MTR000012,BK10,2025-12-16 20:41:44
MTR000012,BK11,2025-12-16 20:41:44
MTR000012,BK02,2025-12-16 20:41:44
MTR000013,BK02,2025-01-29 10:07:36
MTR000013,BK07,2025-01-29 10:07:36
MTR000013,BK01,2025-01-29 10:07:36
MTR000013,BK03,2025-01-29 10:07:36
MTR000014,BK06,2026-03-05 03:31:00
MTR000014,BK10,2026-03-05 03:31:00
MTR000014,BK05,2026-03-05 03:31:00
MTR000015,BK06,2026-04-30 04:32:58
MTR000015,BK01,2026-04-30 04:32:58
MTR000015,BK10,2026-04-30 04:32:58
MTR000016,BK07,2024-07-23 21:29:24
MTR000016,BK08,2024-07-23 21:29:24
MTR000016,BK10,2024-07-23 21:29:24
MTR000017,BK04,2024-03-03 06:25:02
MTR000017,BK03,2024-03-03 06:25:02
MTR000018,BK03,2025-07-27 13:29:14
MTR000018,BK07,2025-07-27 13:29:14
MTR000019,BK07,2026-04-06 09:19:35
MTR000019,BK01,2026-04-06 09:19:35
MTR000019,BK02,2026-04-06 09:19:35
MTR000020,BK02,2024-10-25 01:13:39
MTR000020,BK04,2024-10-25 01:13:39
MTR000021,BK02,2026-02-18 01:44:06
MTR000021,BK07,2026-02-18 01:44:06
MTR000022,BK02,2025-10-08 06:52:19
MTR000022,BK03,2025-10-08 06:52:19
MTR000023,BK04,2025-12-14 04:55:28
MTR000023,BK09,2025-12-14 04:55:28
MTR000023,BK02,2025-12-14 04:55:28
MTR000024,BK04,2025-03-02 01:41:43
MTR000024,BK10,2025-03-02 01:41:43
MTR000025,BK03,2024-10-02 16:26:11
MTR000025,BK11,2024-10-02 16:26:11
MTR000026,BK06,2025-06-27 14:46:16
MTR000026,BK10,2025-06-27 14:46:16
MTR000027,BK11,2024-05-23 03:46:44
MTR000027,BK04,2024-05-23 03:46:44
MTR000027,BK03,2024-05-23 03:46:44
MTR000028,BK02,2026-02-14 13:30:13
MTR000028,BK01,2026-02-14 13:30:13
MTR000028,BK07,2026-02-14 13:30:13
MTR000029,BK05,2025-03-06 13:21:06
MTR000029,BK03,2025-03-06 13:21:06
MTR000029,BK06,2025-03-06 13:21:06
MTR000030,BK06,2025-10-15 06:47:05
MTR000030,BK05,2025-10-15 06:47:05
MTR000030,BK03,2025-10-15 06:47:05
MTR000031,BK01,2024-12-10 15:36:21
MTR000031,BK02,2024-12-10 15:36:21
MTR000032,BK07,2024-09-15 16:47:56
MTR000032,BK09,2024-09-15 16:47:56
MTR000032,BK04,2024-09-15 16:47:56
MTR000033,BK10,2025-02-08 00:12:44
MTR000033,BK03,2025-02-08 00:12:44
MTR000033,BK05,2025-02-08 00:12:44
MTR000033,BK06,2025-02-08 00:12:44
MTR000034,BK10,2026-05-04 15:33:25
MTR000034,BK06,2026-05-04 15:33:25
MTR000034,BK01,2026-05-04 15:33:25
MTR000035,BK04,2025-05-22 07:19:10
MTR000035,BK06,2025-05-22 07:19:10
MTR000035,BK10,2025-05-22 07:19:10
MTR000036,BK10,2025-03-05 19:34:20
MTR000036,BK05,2025-03-05 19:34:20
MTR000037,BK02,2024-02-19 12:23:29
MTR000037,BK07,2024-02-19 12:23:29
MTR000037,BK03,2024-02-19 12:23:29
MTR000038,BK05,2024-05-29 03:53:54
MTR000038,BK06,2024-05-29 03:53:54
MTR000038,BK03,2024-05-29 03:53:54
MTR000039,BK05,2025-01-07 17:51:08
MTR000039,BK03,2025-01-07 17:51:08
MTR000039,BK06,2025-01-07 17:51:08
MTR000040,BK06,2024-10-26 15:07:19
MTR000040,BK01,2024-10-26 15:07:19
MTR000041,BK10,2025-05-21 19:13:10
MTR000041,BK02,2025-05-21 19:13:10
MTR000041,BK03,2025-05-21 19:13:10
MTR000042,BK10,2025-03-11 00:51:45
MTR000042,BK03,2025-03-11 00:51:45
MTR000042,BK04,2025-03-11 00:51:45
MTR000043,BK11,2024-08-30 01:23:09
MTR000043,BK10,2024-08-30 01:23:09
MTR000044,BK03,2024-11-07 06:16:26
MTR000044,BK06,2024-11-07 06:16:26
MTR000045,BK09,2024-08-25 18:00:59
MTR000045,BK07,2024-08-25 18:00:59
MTR000045,BK02,2024-08-25 18:00:59
MTR000046,BK03,2026-03-12 11:26:27
MTR000046,BK05,2026-03-12 11:26:27
MTR000047,BK10,2024-01-10 23:05:49
MTR000047,BK03,2024-01-10 23:05:49
MTR000047,BK05,2024-01-10 23:05:49
MTR000048,BK04,2024-07-20 08:44:53
MTR000048,BK02,2024-07-20 08:44:53
MTR000049,BK08,2025-11-09 17:25:59
MTR000049,BK07,2025-11-09 17:25:59
MTR000050,BK02,2025-06-07 14:27:23
MTR000050,BK10,2025-06-07 14:27:23
MTR000050,BK03,2025-06-07 14:27:23
MTR000050,BK12,2025-06-07 14:27:23
MTR000051,BK10,2025-07-31 06:49:06
MTR000051,BK04,2025-07-31 06:49:06
MTR000051,BK02,2025-07-31 06:49:06
MTR000052,BK10,2024-01-19 06:16:41
MTR000052,BK11,2024-01-19 06:16:41
MTR000053,BK07,2026-01-01 02:45:27
MTR000053,BK03,2026-01-01 02:45:27
MTR000053,BK01,2026-01-01 02:45:27
MTR000054,BK02,2026-04-03 15:59:08
MTR000054,BK04,2026-04-03 15:59:08
MTR000055,BK10,2024-08-09 13:21:44
MTR000055,BK06,2024-08-09 13:21:44
MTR000055,BK01,2024-08-09 13:21:44
MTR000056,BK03,2025-05-06 07:00:18
MTR000056,BK05,2025-05-06 07:00:18
MTR000056,BK06,2025-05-06 07:00:18
MTR000056,BK10,2025-05-06 07:00:18
MTR000057,BK10,2025-06-24 20:44:59
MTR000057,BK03,2025-06-24 20:44:59
MTR000057,BK04,2025-06-24 20:44:59
MTR000057,BK11,2025-06-24 20:44:59
MTR000058,BK06,2026-05-23 04:05:43
MTR000058,BK10,2026-05-23 04:05:43
MTR000058,BK01,2026-05-23 04:05:43
MTR000059,BK01,2025-09-09 01:02:30
MTR000059,BK07,2025-09-09 01:02:30
MTR000059,BK02,2025-09-09 01:02:30
MTR000060,BK11,2026-05-12 09:13:46
MTR000060,BK02,2026-05-12 09:13:46
MTR000060,BK10,2026-05-12 09:13:46
MTR000061,BK10,2025-07-08 12:49:28
MTR000061,BK08,2025-07-08 12:49:28
MTR000061,BK07,2025-07-08 12:49:28
MTR000062,BK01,2026-03-26 05:25:50
MTR000062,BK10,2026-03-26 05:25:50
MTR000063,BK11,2026-01-12 21:48:06
MTR000063,BK10,2026-01-12 21:48:06
MTR000064,BK10,2026-04-24 09:36:29
MTR000064,BK06,2026-04-24 09:36:29
MTR000064,BK01,2026-04-24 09:36:29
MTR000065,BK01,2024-07-27 12:54:35
MTR000065,BK10,2024-07-27 12:54:35
MTR000065,BK06,2024-07-27 12:54:35
MTR000066,BK02,2024-06-19 16:03:06
MTR000066,BK04,2024-06-19 16:03:06
MTR000066,BK10,2024-06-19 16:03:06
MTR000067,BK10,2024-02-04 22:17:45
MTR000067,BK02,2024-02-04 22:17:45
MTR000067,BK12,2024-02-04 22:17:45
MTR000068,BK01,2025-02-15 03:29:44
MTR000068,BK10,2025-02-15 03:29:44
MTR000069,BK06,2024-03-29 15:50:31
MTR000069,BK10,2024-03-29 15:50:31
MTR000070,BK05,2024-06-23 00:51:32
MTR000070,BK03,2024-06-23 00:51:32
MTR000071,BK10,2025-06-08 07:25:20
MTR000071,BK03,2025-06-08 07:25:20
MTR000072,BK09,2024-06-25 02:39:38
MTR000072,BK07,2024-06-25 02:39:38
MTR000073,BK10,2025-08-15 20:06:45
MTR000073,BK01,2025-08-15 20:06:45
MTR000074,BK10,2026-02-08 11:28:05
MTR000074,BK03,2026-02-08 11:28:05
MTR000074,BK02,2026-02-08 11:28:05
MTR000075,BK01,2025-05-14 10:43:02
MTR000075,BK06,2025-05-14 10:43:02
MTR000076,BK10,2025-10-21 11:26:44
MTR000076,BK08,2025-10-21 11:26:44
MTR000077,BK04,2024-06-05 16:51:45
MTR000077,BK02,2024-06-05 16:51:45
MTR000078,BK06,2025-11-21 12:15:40
MTR000078,BK10,2025-11-21 12:15:40
MTR000079,BK02,2024-10-13 06:31:00
MTR000079,BK10,2024-10-13 06:31:00
MTR000080,BK10,2025-12-12 19:15:45
MTR000080,BK01,2025-12-12 19:15:45
MTR000081,BK06,2025-04-13 16:57:38
MTR000081,BK05,2025-04-13 16:57:38
MTR000081,BK03,2025-04-13 16:57:38
MTR000081,BK10,2025-04-13 16:57:38
MTR000082,BK02,2024-11-02 02:03:34
MTR000082,BK04,2024-11-02 02:03:34
MTR000083,BK10,2025-07-05 13:30:28
MTR000083,BK12,2025-07-05 13:30:28
MTR000083,BK04,2025-07-05 13:30:28
MTR000083,BK02,2025-07-05 13:30:28
MTR000084,BK10,2025-08-13 03:10:02
MTR000084,BK04,2025-08-13 03:10:02
MTR000085,BK03,2025-09-30 14:57:06
MTR000085,BK04,2025-09-30 14:57:06
MTR000085,BK10,2025-09-30 14:57:06
MTR000085,BK11,2025-09-30 14:57:06
MTR000086,BK03,2026-01-15 17:55:01
MTR000086,BK10,2026-01-15 17:55:01
MTR000086,BK05,2026-01-15 17:55:01
MTR000087,BK10,2026-01-31 23:44:45
MTR000087,BK04,2026-01-31 23:44:45
MTR000088,BK02,2025-08-27 04:15:27
MTR000088,BK12,2025-08-27 04:15:27
MTR000089,BK10,2024-02-25 01:39:58
MTR000089,BK05,2024-02-25 01:39:58
MTR000089,BK06,2024-02-25 01:39:58
MTR000090,BK02,2026-01-14 10:56:25
MTR000090,BK07,2026-01-14 10:56:25
MTR000091,BK07,2024-10-04 13:27:07
MTR000091,BK01,2024-10-04 13:27:07
MTR000091,BK02,2024-10-04 13:27:07
MTR000092,BK04,2026-04-06 20:23:17
MTR000092,BK07,2026-04-06 20:23:17
MTR000092,BK09,2026-04-06 20:23:17
MTR000092,BK02,2026-04-06 20:23:17
MTR000093,BK12,2025-11-14 15:59:17
MTR000093,BK02,2025-11-14 15:59:17
MTR000093,BK10,2025-11-14 15:59:17
MTR000093,BK04,2025-11-14 15:59:17
MTR000094,BK10,2024-06-30 00:37:48
MTR000094,BK08,2024-06-30 00:37:48
MTR000094,BK07,2024-06-30 00:37:48
MTR000095,BK02,2024-03-19 10:39:10
MTR000095,BK03,2024-03-19 10:39:10
MTR000095,BK10,2024-03-19 10:39:10
MTR000095,BK12,2024-03-19 10:39:10
MTR000096,BK02,2026-04-12 14:32:10
MTR000096,BK10,2026-04-12 14:32:10
MTR000096,BK04,2026-04-12 14:32:10
MTR000096,BK11,2026-04-12 14:32:10
MTR000097,BK11,2025-04-23 23:43:58
MTR000097,BK04,2025-04-23 23:43:58
MTR000097,BK02,2025-04-23 23:43:58
MTR000097,BK10,2025-04-23 23:43:58
MTR000098,BK04,2024-07-27 20:25:55
MTR000098,BK07,2024-07-27 20:25:55
MTR000099,BK12,2024-11-02 02:13:07
MTR000099,BK02,2024-11-02 02:13:07
MTR000099,BK04,2024-11-02 02:13:07
MTR000099,BK10,2024-11-02 02:13:07
MTR000100,BK02,2025-10-26 17:56:03
MTR000100,BK10,2025-10-26 17:56:03
MTR000100,BK04,2025-10-26 17:56:03
MTR000100,BK11,2025-10-26 17:56:03
MTR000101,BK10,2024-05-05 07:01:05
MTR000101,BK02,2024-05-05 07:01:05
MTR000102,BK07,2024-11-29 05:18:11
MTR000102,BK08,2024-11-29 05:18:11
MTR000102,BK10,2024-11-29 05:18:11
MTR000103,BK10,2024-03-18 20:36:53
MTR000103,BK02,2024-03-18 20:36:53
MTR000104,BK01,2026-03-29 00:04:18
MTR000104,BK07,2026-03-29 00:04:18
MTR000104,BK02,2026-03-29 00:04:18
MTR000105,BK05,2025-08-16 21:26:55
MTR000105,BK06,2025-08-16 21:26:55
MTR000105,BK03,2025-08-16 21:26:55
MTR000106,BK02,2024-07-16 18:58:44
MTR000106,BK11,2024-07-16 18:58:44
MTR000107,BK10,2024-08-16 10:55:33
MTR000107,BK06,2024-08-16 10:55:33
MTR000108,BK10,2024-03-20 12:42:57
MTR000108,BK06,2024-03-20 12:42:57
MTR000109,BK10,2024-01-31 12:15:43
MTR000109,BK01,2024-01-31 12:15:43
MTR000109,BK06,2024-01-31 12:15:43
MTR000110,BK10,2025-11-14 08:17:12
MTR000110,BK02,2025-11-14 08:17:12
MTR000110,BK03,2025-11-14 08:17:12
MTR000110,BK12,2025-11-14 08:17:12
MTR000111,BK04,2025-11-15 17:48:03
MTR000111,BK03,2025-11-15 17:48:03
MTR000111,BK10,2025-11-15 17:48:03
MTR000112,BK03,2025-01-09 19:10:32
MTR000112,BK01,2025-01-09 19:10:32
MTR000113,BK02,2025-07-22 03:16:12
MTR000113,BK09,2025-07-22 03:16:12
MTR000113,BK04,2025-07-22 03:16:12
MTR000113,BK07,2025-07-22 03:16:12
MTR000114,BK02,2024-06-28 01:32:57
MTR000114,BK07,2024-06-28 01:32:57
MTR000114,BK01,2024-06-28 01:32:57
MTR000114,BK03,2024-06-28 01:32:57
MTR000115,BK06,2025-06-09 08:13:34
MTR000115,BK10,2025-06-09 08:13:34
MTR000116,BK01,2026-03-06 05:44:39
MTR000116,BK10,2026-03-06 05:44:39
MTR000117,BK06,2025-04-27 12:47:41
MTR000117,BK10,2025-04-27 12:47:41
MTR000117,BK01,2025-04-27 12:47:41
MTR000118,BK04,2025-01-25 14:27:49
MTR000118,BK02,2025-01-25 14:27:49
MTR000118,BK11,2025-01-25 14:27:49
MTR000118,BK10,2025-01-25 14:27:49
MTR000119,BK07,2026-04-17 07:26:02
MTR000119,BK09,2026-04-17 07:26:02
MTR000119,BK04,2026-04-17 07:26:02
MTR000119,BK02,2026-04-17 07:26:02
MTR000120,BK04,2024-12-26 01:10:53
MTR000120,BK11,2024-12-26 01:10:53
MTR000121,BK02,2025-04-14 13:06:28
MTR000121,BK10,2025-04-14 13:06:28
MTR000121,BK12,2025-04-14 13:06:28
MTR000121,BK04,2025-04-14 13:06:28
MTR000122,BK04,2025-08-05 18:59:14
MTR000122,BK02,2025-08-05 18:59:14
MTR000123,BK04,2024-10-31 22:25:05
MTR000123,BK10,2024-10-31 22:25:05
MTR000123,BK11,2024-10-31 22:25:05
MTR000124,BK03,2026-05-09 08:47:40
MTR000124,BK12,2026-05-09 08:47:40
MTR000124,BK02,2026-05-09 08:47:40
MTR000125,BK04,2025-05-31 10:18:43
MTR000125,BK03,2025-05-31 10:18:43
MTR000125,BK06,2025-05-31 10:18:43
MTR000126,BK01,2025-04-17 21:33:08
MTR000126,BK06,2025-04-17 21:33:08
MTR000126,BK10,2025-04-17 21:33:08
MTR000127,BK10,2024-11-25 14:00:11
MTR000127,BK01,2024-11-25 14:00:11
MTR000127,BK06,2024-11-25 14:00:11
MTR000128,BK11,2025-12-23 00:47:20
MTR000128,BK03,2025-12-23 00:47:20
MTR000128,BK10,2025-12-23 00:47:20
MTR000129,BK11,2024-02-28 17:48:40
MTR000129,BK02,2024-02-28 17:48:40
MTR000130,BK01,2025-03-09 08:50:26
MTR000130,BK10,2025-03-09 08:50:26
MTR000131,BK07,2025-06-15 06:58:35
MTR000131,BK02,2025-06-15 06:58:35
MTR000132,BK10,2026-04-21 01:01:21
MTR000132,BK11,2026-04-21 01:01:21
MTR000132,BK04,2026-04-21 01:01:21
MTR000133,BK08,2024-02-17 19:08:03
MTR000133,BK10,2024-02-17 19:08:03
MTR000134,BK02,2025-02-05 19:59:39
MTR000134,BK07,2025-02-05 19:59:39
MTR000134,BK01,2025-02-05 19:59:39
MTR000135,BK03,2025-12-23 18:31:38
MTR000135,BK02,2025-12-23 18:31:38
MTR000135,BK12,2025-12-23 18:31:38
MTR000135,BK10,2025-12-23 18:31:38
MTR000136,BK11,2024-02-02 14:09:46
MTR000136,BK04,2024-02-02 14:09:46
MTR000136,BK10,2024-02-02 14:09:46
MTR000136,BK02,2024-02-02 14:09:46
MTR000137,BK04,2024-07-20 07:10:51
MTR000137,BK11,2024-07-20 07:10:51
MTR000138,BK06,2024-06-26 07:15:54
MTR000138,BK10,2024-06-26 07:15:54
MTR000138,BK05,2024-06-26 07:15:54
MTR000138,BK03,2024-06-26 07:15:54
MTR000139,BK04,2025-03-11 08:55:07
MTR000139,BK06,2025-03-11 08:55:07
MTR000139,BK10,2025-03-11 08:55:07
MTR000139,BK03,2025-03-11 08:55:07
MTR000140,BK02,2024-03-21 01:57:40
MTR000140,BK09,2024-03-21 01:57:40
MTR000141,BK11,2025-12-11 17:25:32
MTR000141,BK04,2025-12-11 17:25:32
MTR000141,BK03,2025-12-11 17:25:32
MTR000142,BK03,2025-11-22 22:13:27
MTR000142,BK10,2025-11-22 22:13:27
MTR000142,BK12,2025-11-22 22:13:27
MTR000143,BK10,2024-08-07 13:54:55
MTR000143,BK06,2024-08-07 13:54:55
MTR000144,BK10,2025-07-28 20:58:43
MTR000144,BK11,2025-07-28 20:58:43
MTR000144,BK04,2025-07-28 20:58:43
MTR000145,BK07,2025-06-24 04:05:26
MTR000145,BK02,2025-06-24 04:05:26
MTR000145,BK03,2025-06-24 04:05:26
MTR000145,BK01,2025-06-24 04:05:26
MTR000146,BK10,2024-09-27 23:50:08
MTR000146,BK03,2024-09-27 23:50:08
MTR000146,BK05,2024-09-27 23:50:08
MTR000146,BK06,2024-09-27 23:50:08
MTR000147,BK10,2024-12-22 01:09:06
MTR000147,BK06,2024-12-22 01:09:06
MTR000147,BK01,2024-12-22 01:09:06
MTR000148,BK06,2025-09-24 03:14:43
MTR000148,BK05,2025-09-24 03:14:43
MTR000148,BK10,2025-09-24 03:14:43
MTR000149,BK04,2026-04-05 06:51:16
MTR000149,BK12,2026-04-05 06:51:16
MTR000149,BK10,2026-04-05 06:51:16
MTR000150,BK04,2025-11-17 10:04:35
MTR000150,BK09,2025-11-17 10:04:35
MTR000151,BK03,2024-06-03 13:01:34
MTR000151,BK10,2024-06-03 13:01:34
MTR000152,BK06,2026-03-17 01:21:49
MTR000152,BK01,2026-03-17 01:21:49
MTR000152,BK10,2026-03-17 01:21:49
MTR000153,BK02,2025-03-11 08:00:03
MTR000153,BK07,2025-03-11 08:00:03
MTR000153,BK01,2025-03-11 08:00:03
MTR000154,BK03,2025-07-15 15:59:14
MTR000154,BK05,2025-07-15 15:59:14
MTR000154,BK10,2025-07-15 15:59:14
MTR000155,BK02,2024-03-10 13:18:45
MTR000155,BK09,2024-03-10 13:18:45
MTR000155,BK07,2024-03-10 13:18:45
MTR000156,BK02,2024-11-16 00:42:45
MTR000156,BK12,2024-11-16 00:42:45
MTR000157,BK10,2025-04-20 11:03:07
MTR000157,BK06,2025-04-20 11:03:07
MTR000157,BK01,2025-04-20 11:03:07
MTR000158,BK07,2024-04-26 03:19:23
MTR000158,BK09,2024-04-26 03:19:23
MTR000158,BK04,2024-04-26 03:19:23
MTR000159,BK09,2024-05-31 17:40:53
MTR000159,BK02,2024-05-31 17:40:53
MTR000160,BK09,2024-12-27 18:13:52
MTR000160,BK07,2024-12-27 18:13:52
MTR000161,BK03,2025-12-31 13:28:55
MTR000161,BK06,2025-12-31 13:28:55
MTR000162,BK12,2026-03-19 13:53:19
MTR000162,BK02,2026-03-19 13:53:19
MTR000162,BK04,2026-03-19 13:53:19
MTR000162,BK10,2026-03-19 13:53:19
MTR000163,BK02,2024-10-27 19:42:43
MTR000163,BK01,2024-10-27 19:42:43
MTR000164,BK05,2024-10-01 03:27:33
MTR000164,BK03,2024-10-01 03:27:33
MTR000165,BK05,2024-09-26 07:41:59
MTR000165,BK06,2024-09-26 07:41:59
MTR000165,BK03,2024-09-26 07:41:59
MTR000165,BK10,2024-09-26 07:41:59
MTR000166,BK03,2024-04-20 15:51:37
MTR000166,BK04,2024-04-20 15:51:37
MTR000166,BK10,2024-04-20 15:51:37
MTR000166,BK11,2024-04-20 15:51:37
MTR000167,BK03,2024-11-12 07:27:30
MTR000167,BK11,2024-11-12 07:27:30
MTR000167,BK10,2024-11-12 07:27:30
MTR000168,BK03,2024-08-03 00:28:13
MTR000168,BK02,2024-08-03 00:28:13
MTR000169,BK07,2024-09-17 08:01:24
MTR000169,BK09,2024-09-17 08:01:24
MTR000170,BK04,2025-01-25 05:34:51
MTR000170,BK11,2025-01-25 05:34:51
MTR000170,BK02,2025-01-25 05:34:51
MTR000171,BK02,2024-03-11 11:13:03
MTR000171,BK07,2024-03-11 11:13:03
MTR000172,BK11,2025-08-11 05:35:05
MTR000172,BK10,2025-08-11 05:35:05
MTR000172,BK03,2025-08-11 05:35:05
MTR000173,BK02,2026-02-24 04:59:14
MTR000173,BK10,2026-02-24 04:59:14
MTR000173,BK12,2026-02-24 04:59:14
MTR000174,BK04,2024-01-08 15:24:50
MTR000174,BK02,2024-01-08 15:24:50
MTR000174,BK09,2024-01-08 15:24:50
MTR000175,BK01,2025-01-18 00:58:03
MTR000175,BK10,2025-01-18 00:58:03
MTR000175,BK06,2025-01-18 00:58:03
MTR000176,BK04,2025-10-06 06:44:10
MTR000176,BK06,2025-10-06 06:44:10
MTR000176,BK03,2025-10-06 06:44:10
MTR000177,BK04,2025-07-09 04:41:37
MTR000177,BK06,2025-07-09 04:41:37
MTR000177,BK03,2025-07-09 04:41:37
MTR000177,BK10,2025-07-09 04:41:37
MTR000178,BK04,2024-10-21 03:22:31
MTR000178,BK10,2024-10-21 03:22:31
MTR000178,BK11,2024-10-21 03:22:31
MTR000179,BK04,2024-07-13 21:15:27
MTR000179,BK02,2024-07-13 21:15:27
MTR000179,BK09,2024-07-13 21:15:27
MTR000180,BK03,2025-05-31 04:20:37
MTR000180,BK10,2025-05-31 04:20:37
MTR000181,BK03,2024-09-21 05:58:08
MTR000181,BK10,2024-09-21 05:58:08
MTR000181,BK05,2024-09-21 05:58:08
MTR000182,BK02,2025-06-15 00:18:31
MTR000182,BK09,2025-06-15 00:18:31
MTR000183,BK04,2025-11-21 04:36:11
MTR000183,BK10,2025-11-21 04:36:11
MTR000183,BK06,2025-11-21 04:36:11
MTR000183,BK03,2025-11-21 04:36:11
MTR000184,BK02,2024-07-10 23:02:31
MTR000184,BK07,2024-07-10 23:02:31
MTR000184,BK01,2024-07-10 23:02:31
MTR000185,BK06,2026-05-26 09:48:46
MTR000185,BK05,2026-05-26 09:48:46
MTR000185,BK03,2026-05-26 09:48:46
MTR000185,BK10,2026-05-26 09:48:46
MTR000186,BK10,2024-08-04 08:50:09
MTR000186,BK07,2024-08-04 08:50:09
MTR000186,BK08,2024-08-04 08:50:09
MTR000187,BK02,2025-05-11 21:45:00
MTR000187,BK01,2025-05-11 21:45:00
MTR000187,BK07,2025-05-11 21:45:00
MTR000188,BK10,2024-12-03 13:52:20
MTR000188,BK02,2024-12-03 13:52:20
MTR000188,BK04,2024-12-03 13:52:20
MTR000188,BK11,2024-12-03 13:52:20
MTR000189,BK04,2026-04-11 01:02:11
MTR000189,BK11,2026-04-11 01:02:11
MTR000189,BK10,2026-04-11 01:02:11
MTR000190,BK02,2025-12-27 06:19:56
MTR000190,BK10,2025-12-27 06:19:56
MTR000190,BK03,2025-12-27 06:19:56
MTR000190,BK12,2025-12-27 06:19:56
MTR000191,BK03,2024-12-23 18:20:41
MTR000191,BK07,2024-12-23 18:20:41
MTR000191,BK01,2024-12-23 18:20:41
MTR000192,BK02,2025-08-28 11:06:48
MTR000192,BK04,2025-08-28 11:06:48
MTR000192,BK09,2025-08-28 11:06:48
MTR000192,BK07,2025-08-28 11:06:48
MTR000193,BK01,2026-01-24 13:48:39
MTR000193,BK03,2026-01-24 13:48:39
MTR000193,BK07,2026-01-24 13:48:39
MTR000193,BK02,2026-01-24 13:48:39
MTR000194,BK02,2024-03-09 03:40:29
MTR000194,BK04,2024-03-09 03:40:29
MTR000194,BK11,2024-03-09 03:40:29
MTR000194,BK10,2024-03-09 03:40:29
MTR000195,BK01,2025-10-07 02:06:07
MTR000195,BK06,2025-10-07 02:06:07
MTR000196,BK02,2026-04-03 11:04:56
MTR000196,BK09,2026-04-03 11:04:56
MTR000196,BK07,2026-04-03 11:04:56
MTR000197,BK02,2026-05-22 17:55:38
MTR000197,BK10,2026-05-22 17:55:38
MTR000198,BK10,2025-05-05 21:40:41
MTR000198,BK06,2025-05-05 21:40:41
MTR000199,BK07,2025-09-20 03:34:42
MTR000199,BK01,2025-09-20 03:34:42
MTR000199,BK03,2025-09-20 03:34:42
MTR000200,BK02,2024-02-04 22:46:51
MTR000200,BK10,2024-02-04 22:46:51
MTR000200,BK03,2024-02-04 22:46:51
MTR000201,BK06,2025-11-20 19:08:12
MTR000201,BK03,2025-11-20 19:08:12
MTR000201,BK04,2025-11-20 19:08:12
MTR000201,BK10,2025-11-20 19:08:12
MTR000202,BK11,2025-11-21 01:18:00
MTR000202,BK10,2025-11-21 01:18:00
MTR000202,BK02,2025-11-21 01:18:00
MTR000202,BK04,2025-11-21 01:18:00
MTR000203,BK04,2024-12-23 06:50:55
MTR000203,BK10,2024-12-23 06:50:55
MTR000204,BK12,2025-03-14 05:09:16
MTR000204,BK02,2025-03-14 05:09:16
MTR000204,BK03,2025-03-14 05:09:16
MTR000204,BK10,2025-03-14 05:09:16
MTR000205,BK04,2024-08-08 13:49:28
MTR000205,BK09,2024-08-08 13:49:28
MTR000206,BK02,2025-04-29 06:08:27
MTR000206,BK10,2025-04-29 06:08:27
MTR000206,BK12,2025-04-29 06:08:27
MTR000207,BK02,2025-08-27 05:11:30
MTR000207,BK10,2025-08-27 05:11:30
MTR000207,BK11,2025-08-27 05:11:30
MTR000207,BK04,2025-08-27 05:11:30
MTR000208,BK08,2025-07-23 22:23:38
MTR000208,BK10,2025-07-23 22:23:38
MTR000209,BK10,2025-10-24 17:03:42
MTR000209,BK05,2025-10-24 17:03:42
MTR000209,BK06,2025-10-24 17:03:42
MTR000209,BK03,2025-10-24 17:03:42
MTR000210,BK03,2025-09-22 20:31:24
MTR000210,BK04,2025-09-22 20:31:24
MTR000210,BK10,2025-09-22 20:31:24
MTR000211,BK10,2025-02-08 02:02:50
MTR000211,BK11,2025-02-08 02:02:50
MTR000212,BK12,2025-09-23 19:35:32
MTR000212,BK02,2025-09-23 19:35:32
MTR000212,BK04,2025-09-23 19:35:32
MTR000213,BK01,2024-03-28 10:23:32
MTR000213,BK02,2024-03-28 10:23:32
MTR000213,BK03,2024-03-28 10:23:32
MTR000214,BK03,2026-04-23 06:48:15
MTR000214,BK02,2026-04-23 06:48:15
MTR000214,BK12,2026-04-23 06:48:15
MTR000214,BK10,2026-04-23 06:48:15
MTR000215,BK04,2024-11-05 18:32:18
MTR000215,BK02,2024-11-05 18:32:18
MTR000215,BK10,2024-11-05 18:32:18
MTR000215,BK12,2024-11-05 18:32:18
MTR000216,BK10,2024-12-27 04:21:15
MTR000216,BK06,2024-12-27 04:21:15
MTR000216,BK05,2024-12-27 04:21:15
MTR000216,BK03,2024-12-27 04:21:15
MTR000217,BK10,2025-04-26 01:01:56
MTR000217,BK02,2025-04-26 01:01:56
MTR000217,BK04,2025-04-26 01:01:56
MTR000218,BK04,2026-02-25 04:00:19
MTR000218,BK10,2026-02-25 04:00:19
MTR000219,BK07,2024-10-29 11:52:46
MTR000219,BK10,2024-10-29 11:52:46
MTR000220,BK02,2026-02-22 05:27:48
MTR000220,BK12,2026-02-22 05:27:48
MTR000220,BK03,2026-02-22 05:27:48
MTR000220,BK10,2026-02-22 05:27:48
MTR000221,BK10,2026-02-20 14:30:43
MTR000221,BK04,2026-02-20 14:30:43
MTR000222,BK10,2025-08-03 04:26:45
MTR000222,BK03,2025-08-03 04:26:45
MTR000222,BK02,2025-08-03 04:26:45
MTR000222,BK12,2025-08-03 04:26:45
MTR000223,BK02,2024-02-15 23:26:07
MTR000223,BK04,2024-02-15 23:26:07
MTR000223,BK09,2024-02-15 23:26:07
MTR000223,BK07,2024-02-15 23:26:07
MTR000224,BK02,2025-12-21 01:54:32
MTR000224,BK03,2025-12-21 01:54:32
MTR000225,BK03,2025-04-10 15:09:46
MTR000225,BK07,2025-04-10 15:09:46
MTR000225,BK01,2025-04-10 15:09:46
MTR000226,BK10,2024-03-02 19:53:10
MTR000226,BK12,2024-03-02 19:53:10
MTR000226,BK02,2024-03-02 19:53:10
MTR000226,BK03,2024-03-02 19:53:10
MTR000227,BK09,2024-12-25 10:18:34
MTR000227,BK07,2024-12-25 10:18:34
MTR000227,BK02,2024-12-25 10:18:34
MTR000228,BK10,2024-09-11 16:22:33
MTR000228,BK02,2024-09-11 16:22:33
MTR000228,BK11,2024-09-11 16:22:33
MTR000229,BK01,2025-08-09 17:54:16
MTR000229,BK06,2025-08-09 17:54:16
MTR000229,BK10,2025-08-09 17:54:16
MTR000230,BK12,2025-07-11 06:15:52
MTR000230,BK03,2025-07-11 06:15:52
MTR000230,BK10,2025-07-11 06:15:52
MTR000231,BK03,2025-08-07 03:24:20
MTR000231,BK02,2025-08-07 03:24:20
MTR000231,BK10,2025-08-07 03:24:20
MTR000232,BK02,2024-06-25 02:09:54
MTR000232,BK10,2024-06-25 02:09:54
MTR000233,BK02,2024-06-04 03:33:12
MTR000233,BK03,2024-06-04 03:33:12
MTR000233,BK01,2024-06-04 03:33:12
MTR000234,BK02,2025-02-09 05:10:31
MTR000234,BK12,2025-02-09 05:10:31
MTR000234,BK04,2025-02-09 05:10:31
MTR000234,BK10,2025-02-09 05:10:31
MTR000235,BK02,2024-10-21 12:16:52
MTR000235,BK10,2024-10-21 12:16:52
MTR000236,BK06,2025-03-31 22:34:55
MTR000236,BK10,2025-03-31 22:34:55
MTR000236,BK05,2025-03-31 22:34:55
MTR000237,BK05,2025-07-12 09:15:16
MTR000237,BK03,2025-07-12 09:15:16
MTR000237,BK06,2025-07-12 09:15:16
MTR000238,BK10,2025-04-28 06:55:33
MTR000238,BK02,2025-04-28 06:55:33
MTR000238,BK11,2025-04-28 06:55:33
MTR000238,BK04,2025-04-28 06:55:33
MTR000239,BK07,2025-02-07 00:04:01
MTR000239,BK01,2025-02-07 00:04:01
MTR000239,BK03,2025-02-07 00:04:01
MTR000239,BK02,2025-02-07 00:04:01
MTR000240,BK01,2025-03-19 22:49:59
MTR000240,BK02,2025-03-19 22:49:59
MTR000241,BK10,2025-10-15 10:39:54
MTR000241,BK06,2025-10-15 10:39:54
MTR000241,BK01,2025-10-15 10:39:54
MTR000242,BK07,2024-05-17 08:58:17
MTR000242,BK03,2024-05-17 08:58:17
MTR000242,BK01,2024-05-17 08:58:17
MTR000243,BK07,2025-04-01 15:22:33
MTR000243,BK09,2025-04-01 15:22:33
MTR000243,BK04,2025-04-01 15:22:33
MTR000243,BK02,2025-04-01 15:22:33
MTR000244,BK02,2026-05-22 04:26:24
MTR000244,BK10,2026-05-22 04:26:24
MTR000244,BK12,2026-05-22 04:26:24
MTR000244,BK04,2026-05-22 04:26:24
MTR000245,BK04,2025-04-01 11:08:34
MTR000245,BK03,2025-04-01 11:08:34
MTR000246,BK04,2025-10-11 03:53:17
MTR000246,BK02,2025-10-11 03:53:17
MTR000247,BK07,2024-02-24 04:11:45
MTR000247,BK08,2024-02-24 04:11:45
MTR000247,BK10,2024-02-24 04:11:45
MTR000248,BK10,2025-05-18 22:15:23
MTR000248,BK04,2025-05-18 22:15:23
MTR000248,BK02,2025-05-18 22:15:23
MTR000249,BK02,2025-11-11 10:46:42
MTR000249,BK09,2025-11-11 10:46:42
MTR000250,BK03,2024-01-24 04:08:13
MTR000250,BK05,2024-01-24 04:08:13
MTR000250,BK06,2024-01-24 04:08:13
MTR000251,BK10,2024-04-05 17:41:53
MTR000251,BK04,2024-04-05 17:41:53
MTR000251,BK12,2024-04-05 17:41:53
MTR000252,BK06,2025-11-18 17:01:16
MTR000252,BK10,2025-11-18 17:01:16
MTR000252,BK01,2025-11-18 17:01:16
MTR000253,BK01,2025-03-22 06:02:10
MTR000253,BK10,2025-03-22 06:02:10
MTR000254,BK05,2024-04-07 21:11:45
MTR000254,BK06,2024-04-07 21:11:45
MTR000255,BK10,2025-06-15 00:42:55
MTR000255,BK01,2025-06-15 00:42:55
MTR000256,BK11,2025-12-09 13:53:40
MTR000256,BK10,2025-12-09 13:53:40
MTR000257,BK02,2024-10-06 01:08:53
MTR000257,BK09,2024-10-06 01:08:53
MTR000257,BK07,2024-10-06 01:08:53
MTR000258,BK03,2026-03-31 20:33:31
MTR000258,BK07,2026-03-31 20:33:31
MTR000258,BK02,2026-03-31 20:33:31
MTR000259,BK03,2025-03-03 07:21:55
MTR000259,BK11,2025-03-03 07:21:55
MTR000260,BK07,2024-09-25 17:52:02
MTR000260,BK02,2024-09-25 17:52:02
MTR000260,BK01,2024-09-25 17:52:02
MTR000261,BK07,2024-12-12 08:41:58
MTR000261,BK04,2024-12-12 08:41:58
MTR000261,BK09,2024-12-12 08:41:58
MTR000261,BK02,2024-12-12 08:41:58
MTR000262,BK02,2026-04-02 21:07:57
MTR000262,BK12,2026-04-02 21:07:57
MTR000263,BK02,2024-02-26 10:10:48
MTR000263,BK10,2024-02-26 10:10:48
MTR000264,BK10,2026-02-26 06:00:58
MTR000264,BK04,2026-02-26 06:00:58
MTR000265,BK07,2026-05-24 04:10:13
MTR000265,BK10,2026-05-24 04:10:13
MTR000266,BK04,2026-01-22 05:51:31
MTR000266,BK06,2026-01-22 05:51:31
MTR000266,BK10,2026-01-22 05:51:31
MTR000267,BK10,2026-03-29 04:53:29
MTR000267,BK03,2026-03-29 04:53:29
MTR000267,BK04,2026-03-29 04:53:29
MTR000267,BK11,2026-03-29 04:53:29
MTR000268,BK11,2024-09-04 01:01:11
MTR000268,BK04,2024-09-04 01:01:11
MTR000268,BK10,2024-09-04 01:01:11
MTR000269,BK01,2025-01-03 09:53:33
MTR000269,BK06,2025-01-03 09:53:33
MTR000270,BK10,2024-03-25 00:54:36
MTR000270,BK02,2024-03-25 00:54:36
MTR000271,BK03,2024-08-11 07:14:33
MTR000271,BK12,2024-08-11 07:14:33
MTR000271,BK02,2024-08-11 07:14:33
MTR000272,BK12,2024-01-07 15:57:45
MTR000272,BK03,2024-01-07 15:57:45
MTR000272,BK10,2024-01-07 15:57:45
MTR000272,BK02,2024-01-07 15:57:45
MTR000273,BK07,2024-01-30 23:31:50
MTR000273,BK02,2024-01-30 23:31:50
MTR000273,BK01,2024-01-30 23:31:50
MTR000274,BK07,2025-08-12 01:40:58
MTR000274,BK09,2025-08-12 01:40:58
MTR000275,BK02,2025-11-09 04:41:58
MTR000275,BK10,2025-11-09 04:41:58
MTR000276,BK01,2025-01-13 09:53:43
MTR000276,BK02,2025-01-13 09:53:43
MTR000277,BK04,2025-04-26 12:42:29
MTR000277,BK07,2025-04-26 12:42:29
MTR000277,BK02,2025-04-26 12:42:29
MTR000277,BK09,2025-04-26 12:42:29
MTR000278,BK02,2024-11-09 09:21:23
MTR000278,BK04,2024-11-09 09:21:23
MTR000278,BK10,2024-11-09 09:21:23
MTR000279,BK05,2025-05-28 16:57:15
MTR000279,BK03,2025-05-28 16:57:15
MTR000279,BK10,2025-05-28 16:57:15
MTR000280,BK06,2024-05-10 03:09:57
MTR000280,BK10,2024-05-10 03:09:57
MTR000280,BK03,2024-05-10 03:09:57
MTR000280,BK05,2024-05-10 03:09:57
MTR000281,BK10,2025-03-28 04:33:16
MTR000281,BK04,2025-03-28 04:33:16
MTR000282,BK06,2024-12-15 05:01:11
MTR000282,BK10,2024-12-15 05:01:11
MTR000282,BK05,2024-12-15 05:01:11
MTR000283,BK06,2024-04-03 07:43:05
MTR000283,BK10,2024-04-03 07:43:05
MTR000284,BK03,2024-05-09 08:01:38
MTR000284,BK02,2024-05-09 08:01:38
MTR000284,BK10,2024-05-09 08:01:38
MTR000285,BK10,2025-02-23 16:23:13
MTR000285,BK06,2025-02-23 16:23:13
MTR000285,BK03,2025-02-23 16:23:13
MTR000285,BK05,2025-02-23 16:23:13
MTR000286,BK03,2025-01-23 07:29:10
MTR000286,BK06,2025-01-23 07:29:10
MTR000287,BK03,2024-07-27 17:58:32
MTR000287,BK11,2024-07-27 17:58:32
MTR000287,BK10,2024-07-27 17:58:32
MTR000288,BK01,2025-05-31 13:20:38
MTR000288,BK10,2025-05-31 13:20:38
MTR000288,BK06,2025-05-31 13:20:38
MTR000289,BK02,2026-01-11 06:06:03
MTR000289,BK12,2026-01-11 06:06:03
MTR000289,BK10,2026-01-11 06:06:03
MTR000290,BK10,2026-05-19 14:33:40
MTR000290,BK11,2026-05-19 14:33:40
MTR000290,BK03,2026-05-19 14:33:40
MTR000291,BK10,2024-10-24 09:47:38
MTR000291,BK03,2024-10-24 09:47:38
MTR000291,BK06,2024-10-24 09:47:38
MTR000292,BK03,2024-06-14 03:22:00
MTR000292,BK10,2024-06-14 03:22:00
MTR000293,BK01,2024-12-06 13:15:25
MTR000293,BK06,2024-12-06 13:15:25
MTR000293,BK10,2024-12-06 13:15:25
MTR000294,BK10,2025-06-07 01:37:21
MTR000294,BK03,2025-06-07 01:37:21
MTR000294,BK06,2025-06-07 01:37:21
MTR000295,BK07,2025-05-04 21:59:51
MTR000295,BK01,2025-05-04 21:59:51
MTR000296,BK06,2024-03-06 08:02:12
MTR000296,BK10,2024-03-06 08:02:12
MTR000296,BK01,2024-03-06 08:02:12
MTR000297,BK10,2024-10-30 06:05:19
MTR000297,BK02,2024-10-30 06:05:19
MTR000297,BK12,2024-10-30 06:05:19
MTR000297,BK04,2024-10-30 06:05:19
MTR000298,BK10,2025-12-01 14:44:37
MTR000298,BK04,2025-12-01 14:44:37
MTR000298,BK03,2025-12-01 14:44:37
MTR000299,BK02,2026-01-20 22:08:11
MTR000299,BK09,2026-01-20 22:08:11
MTR000299,BK07,2026-01-20 22:08:11
MTR000299,BK04,2026-01-20 22:08:11
MTR000300,BK09,2026-05-04 17:08:56
MTR000300,BK04,2026-05-04 17:08:56
MTR000301,BK02,2025-12-06 23:07:22
MTR000301,BK09,2025-12-06 23:07:22
MTR000302,BK10,2024-11-04 19:24:24
MTR000302,BK06,2024-11-04 19:24:24
MTR000302,BK01,2024-11-04 19:24:24
MTR000303,BK06,2026-04-10 18:04:34
MTR000303,BK10,2026-04-10 18:04:34
MTR000303,BK01,2026-04-10 18:04:34
MTR000304,BK06,2024-11-23 16:42:53
MTR000304,BK10,2024-11-23 16:42:53
MTR000304,BK01,2024-11-23 16:42:53
MTR000305,BK04,2024-07-14 08:59:01
MTR000305,BK11,2024-07-14 08:59:01
MTR000305,BK10,2024-07-14 08:59:01
MTR000305,BK02,2024-07-14 08:59:01
MTR000306,BK07,2025-01-28 02:28:13
MTR000306,BK09,2025-01-28 02:28:13
MTR000306,BK02,2025-01-28 02:28:13
MTR000307,BK11,2024-08-12 00:56:17
MTR000307,BK10,2024-08-12 00:56:17
MTR000307,BK04,2024-08-12 00:56:17
MTR000307,BK03,2024-08-12 00:56:17
MTR000308,BK01,2025-05-24 14:55:15
MTR000308,BK10,2025-05-24 14:55:15
MTR000309,BK12,2024-03-01 02:16:19
MTR000309,BK10,2024-03-01 02:16:19
MTR000309,BK04,2024-03-01 02:16:19
MTR000309,BK02,2024-03-01 02:16:19
MTR000310,BK04,2026-03-07 14:37:15
MTR000310,BK10,2026-03-07 14:37:15
MTR000310,BK12,2026-03-07 14:37:15
MTR000311,BK10,2024-12-16 16:20:14
MTR000311,BK02,2024-12-16 16:20:14
MTR000311,BK11,2024-12-16 16:20:14
MTR000312,BK04,2025-08-04 02:48:00
MTR000312,BK11,2025-08-04 02:48:00
MTR000312,BK10,2025-08-04 02:48:00
MTR000313,BK11,2025-09-30 08:45:25
MTR000313,BK02,2025-09-30 08:45:25
MTR000313,BK04,2025-09-30 08:45:25
MTR000314,BK10,2024-11-04 06:08:19
MTR000314,BK02,2024-11-04 06:08:19
MTR000314,BK04,2024-11-04 06:08:19
MTR000315,BK02,2024-03-03 10:34:26
MTR000315,BK10,2024-03-03 10:34:26
MTR000315,BK03,2024-03-03 10:34:26
MTR000316,BK11,2025-05-17 12:21:57
MTR000316,BK03,2025-05-17 12:21:57
MTR000317,BK11,2025-05-17 04:09:15
MTR000317,BK10,2025-05-17 04:09:15
MTR000318,BK01,2024-06-17 09:01:38
MTR000318,BK02,2024-06-17 09:01:38
MTR000318,BK07,2024-06-17 09:01:38
MTR000319,BK04,2024-03-19 15:37:50
MTR000319,BK10,2024-03-19 15:37:50
MTR000319,BK11,2024-03-19 15:37:50
MTR000320,BK02,2024-11-09 00:26:40
MTR000320,BK07,2024-11-09 00:26:40
MTR000320,BK04,2024-11-09 00:26:40
MTR000321,BK02,2024-11-25 15:14:28
MTR000321,BK07,2024-11-25 15:14:28
MTR000321,BK01,2024-11-25 15:14:28
MTR000322,BK10,2026-02-12 19:39:16
MTR000322,BK11,2026-02-12 19:39:16
MTR000323,BK10,2025-12-02 15:18:34
MTR000323,BK11,2025-12-02 15:18:34
MTR000323,BK03,2025-12-02 15:18:34
MTR000323,BK04,2025-12-02 15:18:34
MTR000324,BK10,2024-09-12 12:14:31
MTR000324,BK03,2024-09-12 12:14:31
MTR000325,BK09,2025-03-20 05:36:03
MTR000325,BK02,2025-03-20 05:36:03
MTR000326,BK04,2025-11-13 20:25:02
MTR000326,BK11,2025-11-13 20:25:02
MTR000326,BK02,2025-11-13 20:25:02
MTR000326,BK10,2025-11-13 20:25:02
MTR000327,BK01,2025-05-31 17:25:53
MTR000327,BK06,2025-05-31 17:25:53
MTR000327,BK10,2025-05-31 17:25:53
MTR000328,BK02,2025-08-26 09:58:13
MTR000328,BK04,2025-08-26 09:58:13
MTR000329,BK04,2025-11-10 06:49:41
MTR000329,BK03,2025-11-10 06:49:41
MTR000329,BK10,2025-11-10 06:49:41
MTR000329,BK11,2025-11-10 06:49:41
MTR000330,BK08,2024-04-29 02:50:16
MTR000330,BK07,2024-04-29 02:50:16
MTR000330,BK10,2024-04-29 02:50:16
MTR000331,BK04,2025-03-14 22:37:22
MTR000331,BK09,2025-03-14 22:37:22
MTR000331,BK02,2025-03-14 22:37:22
MTR000332,BK06,2024-04-07 22:38:14
MTR000332,BK10,2024-04-07 22:38:14
MTR000332,BK01,2024-04-07 22:38:14
MTR000333,BK10,2024-09-05 13:57:44
MTR000333,BK11,2024-09-05 13:57:44
MTR000334,BK03,2024-09-23 06:56:33
MTR000334,BK07,2024-09-23 06:56:33
MTR000334,BK02,2024-09-23 06:56:33
MTR000334,BK01,2024-09-23 06:56:33
MTR000335,BK10,2024-12-27 12:51:59
MTR000335,BK08,2024-12-27 12:51:59
MTR000336,BK10,2024-08-27 15:33:35
MTR000336,BK08,2024-08-27 15:33:35
MTR000336,BK07,2024-08-27 15:33:35
MTR000337,BK11,2025-09-14 07:54:49
MTR000337,BK10,2025-09-14 07:54:49
MTR000338,BK03,2026-05-12 16:26:15
MTR000338,BK07,2026-05-12 16:26:15
MTR000338,BK01,2026-05-12 16:26:15
MTR000339,BK04,2026-05-14 03:45:52
MTR000339,BK02,2026-05-14 03:45:52
MTR000340,BK07,2026-01-07 19:30:45
MTR000340,BK02,2026-01-07 19:30:45
MTR000341,BK10,2024-02-26 19:59:27
MTR000341,BK07,2024-02-26 19:59:27
MTR000341,BK08,2024-02-26 19:59:27
MTR000342,BK02,2025-06-14 07:55:41
MTR000342,BK07,2025-06-14 07:55:41
MTR000343,BK07,2025-07-18 21:03:51
MTR000343,BK09,2025-07-18 21:03:51
MTR000344,BK02,2024-02-17 13:35:47
MTR000344,BK04,2024-02-17 13:35:47
MTR000345,BK10,2025-09-10 22:04:56
MTR000345,BK04,2025-09-10 22:04:56
MTR000346,BK01,2025-05-18 11:39:41
MTR000346,BK03,2025-05-18 11:39:41
MTR000347,BK02,2025-09-30 02:25:24
MTR000347,BK11,2025-09-30 02:25:24
MTR000348,BK10,2025-10-28 13:15:25
MTR000348,BK11,2025-10-28 13:15:25
MTR000348,BK04,2025-10-28 13:15:25
MTR000348,BK03,2025-10-28 13:15:25
MTR000349,BK04,2024-05-25 11:47:28
MTR000349,BK11,2024-05-25 11:47:28
MTR000349,BK03,2024-05-25 11:47:28
MTR000349,BK10,2024-05-25 11:47:28
MTR000350,BK07,2025-02-04 18:31:05
MTR000350,BK01,2025-02-04 18:31:05
MTR000350,BK02,2025-02-04 18:31:05
MTR000351,BK06,2024-10-12 05:17:37
MTR000351,BK10,2024-10-12 05:17:37
MTR000352,BK04,2026-03-06 13:11:15
MTR000352,BK02,2026-03-06 13:11:15
MTR000352,BK07,2026-03-06 13:11:15
MTR000353,BK10,2024-04-11 10:12:55
MTR000353,BK12,2024-04-11 10:12:55
MTR000353,BK02,2024-04-11 10:12:55
MTR000354,BK06,2026-03-04 12:13:56
MTR000354,BK05,2026-03-04 12:13:56
MTR000354,BK10,2026-03-04 12:13:56
MTR000354,BK03,2026-03-04 12:13:56
MTR000355,BK02,2024-03-06 20:24:03
MTR000355,BK01,2024-03-06 20:24:03
MTR000355,BK03,2024-03-06 20:24:03
MTR000355,BK07,2024-03-06 20:24:03
MTR000356,BK01,2024-04-02 17:26:45
MTR000356,BK06,2024-04-02 17:26:45
MTR000356,BK10,2024-04-02 17:26:45
MTR000357,BK01,2025-08-22 13:20:07
MTR000357,BK10,2025-08-22 13:20:07
MTR000357,BK06,2025-08-22 13:20:07
MTR000358,BK01,2026-04-06 23:38:57
MTR000358,BK02,2026-04-06 23:38:57
MTR000359,BK02,2024-02-26 17:27:10
MTR000359,BK12,2024-02-26 17:27:10
MTR000359,BK04,2024-02-26 17:27:10
MTR000359,BK10,2024-02-26 17:27:10
MTR000360,BK04,2026-03-03 14:43:41
MTR000360,BK07,2026-03-03 14:43:41
MTR000360,BK09,2026-03-03 14:43:41
MTR000360,BK02,2026-03-03 14:43:41
MTR000361,BK07,2024-06-16 21:39:37
MTR000361,BK08,2024-06-16 21:39:37
MTR000361,BK10,2024-06-16 21:39:37
MTR000362,BK04,2025-06-13 21:03:10
MTR000362,BK10,2025-06-13 21:03:10
MTR000363,BK01,2026-01-02 04:11:46
MTR000363,BK10,2026-01-02 04:11:46
MTR000363,BK06,2026-01-02 04:11:46
MTR000364,BK07,2024-09-27 16:39:37
MTR000364,BK08,2024-09-27 16:39:37
MTR000365,BK01,2025-06-03 05:59:28
MTR000365,BK03,2025-06-03 05:59:28
MTR000365,BK07,2025-06-03 05:59:28
MTR000365,BK02,2025-06-03 05:59:28
MTR000366,BK10,2024-12-28 12:15:54
MTR000366,BK06,2024-12-28 12:15:54
MTR000366,BK03,2024-12-28 12:15:54
MTR000367,BK02,2025-06-01 06:25:30
MTR000367,BK12,2025-06-01 06:25:30
MTR000367,BK04,2025-06-01 06:25:30
MTR000368,BK04,2024-07-15 03:33:52
MTR000368,BK09,2024-07-15 03:33:52
MTR000368,BK02,2024-07-15 03:33:52
MTR000369,BK04,2024-10-08 23:22:34
MTR000369,BK02,2024-10-08 23:22:34
MTR000369,BK10,2024-10-08 23:22:34
MTR000369,BK11,2024-10-08 23:22:34
MTR000370,BK09,2024-10-07 21:36:07
MTR000370,BK04,2024-10-07 21:36:07
MTR000370,BK07,2024-10-07 21:36:07
MTR000371,BK03,2025-08-28 10:13:26
MTR000371,BK12,2025-08-28 10:13:26
MTR000371,BK10,2025-08-28 10:13:26
MTR000371,BK02,2025-08-28 10:13:26
MTR000372,BK04,2025-09-29 09:00:16
MTR000372,BK10,2025-09-29 09:00:16
MTR000372,BK02,2025-09-29 09:00:16
MTR000373,BK04,2025-08-15 03:27:12
MTR000373,BK03,2025-08-15 03:27:12
MTR000374,BK03,2025-08-20 03:39:14
MTR000374,BK02,2025-08-20 03:39:14
MTR000375,BK09,2024-03-30 07:00:30
MTR000375,BK02,2024-03-30 07:00:30
MTR000375,BK07,2024-03-30 07:00:30
MTR000376,BK02,2024-11-16 02:21:15
MTR000376,BK12,2024-11-16 02:21:15
MTR000377,BK09,2025-07-22 07:23:41
MTR000377,BK02,2025-07-22 07:23:41
MTR000377,BK07,2025-07-22 07:23:41
MTR000378,BK10,2025-07-17 01:05:02
MTR000378,BK12,2025-07-17 01:05:02
MTR000379,BK11,2024-05-21 16:06:24
MTR000379,BK10,2024-05-21 16:06:24
MTR000379,BK04,2024-05-21 16:06:24
MTR000380,BK09,2024-11-28 14:15:55
MTR000380,BK04,2024-11-28 14:15:55
MTR000380,BK07,2024-11-28 14:15:55
MTR000380,BK02,2024-11-28 14:15:55
MTR000381,BK10,2024-05-09 12:50:13
MTR000381,BK08,2024-05-09 12:50:13
MTR000381,BK07,2024-05-09 12:50:13
MTR000382,BK02,2025-04-02 14:12:22
MTR000382,BK01,2025-04-02 14:12:22
MTR000382,BK03,2025-04-02 14:12:22
MTR000383,BK12,2026-04-15 01:29:09
MTR000383,BK04,2026-04-15 01:29:09
MTR000384,BK01,2024-10-09 22:45:16
MTR000384,BK02,2024-10-09 22:45:16
MTR000385,BK07,2025-06-13 15:02:20
MTR000385,BK10,2025-06-13 15:02:20
MTR000385,BK08,2025-06-13 15:02:20
MTR000386,BK11,2025-03-03 08:44:21
MTR000386,BK04,2025-03-03 08:44:21
MTR000386,BK10,2025-03-03 08:44:21
MTR000386,BK02,2025-03-03 08:44:21
MTR000387,BK04,2025-03-05 14:17:07
MTR000387,BK10,2025-03-05 14:17:07
MTR000387,BK11,2025-03-05 14:17:07
MTR000388,BK08,2025-10-15 11:25:29
MTR000388,BK07,2025-10-15 11:25:29
MTR000389,BK10,2026-03-05 21:23:40
MTR000389,BK02,2026-03-05 21:23:40
MTR000389,BK04,2026-03-05 21:23:40
MTR000389,BK12,2026-03-05 21:23:40
MTR000390,BK06,2024-02-18 11:39:28
MTR000390,BK01,2024-02-18 11:39:28
MTR000391,BK06,2026-02-01 07:19:09
MTR000391,BK05,2026-02-01 07:19:09
MTR000391,BK10,2026-02-01 07:19:09
MTR000392,BK07,2024-11-14 14:07:37
MTR000392,BK09,2024-11-14 14:07:37
MTR000392,BK02,2024-11-14 14:07:37
MTR000393,BK05,2026-02-15 11:06:30
MTR000393,BK06,2026-02-15 11:06:30
MTR000393,BK03,2026-02-15 11:06:30
MTR000393,BK10,2026-02-15 11:06:30
MTR000394,BK02,2024-03-26 12:06:04
MTR000394,BK07,2024-03-26 12:06:04
MTR000394,BK03,2024-03-26 12:06:04
MTR000394,BK01,2024-03-26 12:06:04
MTR000395,BK06,2025-09-19 15:54:14
MTR000395,BK04,2025-09-19 15:54:14
MTR000395,BK03,2025-09-19 15:54:14
MTR000395,BK10,2025-09-19 15:54:14
MTR000396,BK04,2024-01-27 03:07:27
MTR000396,BK06,2024-01-27 03:07:27
MTR000396,BK03,2024-01-27 03:07:27
MTR000396,BK10,2024-01-27 03:07:27
MTR000397,BK02,2024-01-18 23:03:38
MTR000397,BK11,2024-01-18 23:03:38
MTR000397,BK04,2024-01-18 23:03:38
MTR000398,BK10,2026-03-21 14:12:13
MTR000398,BK07,2026-03-21 14:12:13
MTR000398,BK08,2026-03-21 14:12:13
MTR000399,BK05,2025-03-24 16:13:09
MTR000399,BK06,2025-03-24 16:13:09
MTR000399,BK10,2025-03-24 16:13:09
MTR000400,BK09,2025-11-22 06:20:46
MTR000400,BK02,2025-11-22 06:20:46
MTR000401,BK03,2025-07-15 22:21:02
MTR000401,BK06,2025-07-15 22:21:02
MTR000401,BK10,2025-07-15 22:21:02
MTR000402,BK02,2024-02-05 03:26:36
MTR000402,BK12,2024-02-05 03:26:36
MTR000402,BK10,2024-02-05 03:26:36
MTR000403,BK04,2025-10-24 11:22:09
MTR000403,BK10,2025-10-24 11:22:09
MTR000403,BK02,2025-10-24 11:22:09
MTR000404,BK10,2024-01-09 11:11:44
MTR000404,BK07,2024-01-09 11:11:44
MTR000404,BK08,2024-01-09 11:11:44
MTR000405,BK03,2025-05-22 00:05:53
MTR000405,BK11,2025-05-22 00:05:53
MTR000405,BK10,2025-05-22 00:05:53
MTR000406,BK03,2024-11-04 01:13:29
MTR000406,BK01,2024-11-04 01:13:29
MTR000406,BK07,2024-11-04 01:13:29
MTR000406,BK02,2024-11-04 01:13:29
MTR000407,BK01,2024-01-27 20:42:45
MTR000407,BK07,2024-01-27 20:42:45
MTR000408,BK07,2025-12-31 20:34:32
MTR000408,BK02,2025-12-31 20:34:32
MTR000408,BK04,2025-12-31 20:34:32
MTR000408,BK09,2025-12-31 20:34:32
MTR000409,BK09,2025-07-18 01:22:56
MTR000409,BK02,2025-07-18 01:22:56
MTR000409,BK07,2025-07-18 01:22:56
MTR000409,BK04,2025-07-18 01:22:56
MTR000410,BK05,2024-06-05 07:15:42
MTR000410,BK10,2024-06-05 07:15:42
MTR000410,BK06,2024-06-05 07:15:42
MTR000410,BK03,2024-06-05 07:15:42
MTR000411,BK01,2025-08-24 01:21:49
MTR000411,BK03,2025-08-24 01:21:49
MTR000412,BK06,2025-08-30 14:47:03
MTR000412,BK01,2025-08-30 14:47:03
MTR000412,BK10,2025-08-30 14:47:03
MTR000413,BK05,2024-01-04 10:44:29
MTR000413,BK03,2024-01-04 10:44:29
MTR000414,BK11,2025-03-17 23:40:53
MTR000414,BK02,2025-03-17 23:40:53
MTR000414,BK10,2025-03-17 23:40:53
MTR000414,BK04,2025-03-17 23:40:53
MTR000415,BK02,2025-09-03 15:30:38
MTR000415,BK01,2025-09-03 15:30:38
MTR000415,BK07,2025-09-03 15:30:38
MTR000416,BK06,2024-04-16 22:02:11
MTR000416,BK10,2024-04-16 22:02:11
MTR000416,BK03,2024-04-16 22:02:11
MTR000417,BK01,2025-01-31 14:14:34
MTR000417,BK10,2025-01-31 14:14:34
MTR000417,BK06,2025-01-31 14:14:34
MTR000418,BK04,2024-01-21 00:32:08
MTR000418,BK02,2024-01-21 00:32:08
MTR000418,BK12,2024-01-21 00:32:08
MTR000419,BK10,2024-02-22 16:11:30
MTR000419,BK05,2024-02-22 16:11:30
MTR000419,BK03,2024-02-22 16:11:30
MTR000420,BK01,2026-04-01 16:31:22
MTR000420,BK07,2026-04-01 16:31:22
MTR000420,BK02,2026-04-01 16:31:22
MTR000421,BK10,2025-07-14 14:55:15
MTR000421,BK02,2025-07-14 14:55:15
MTR000421,BK04,2025-07-14 14:55:15
MTR000422,BK10,2025-03-30 15:08:20
MTR000422,BK02,2025-03-30 15:08:20
MTR000423,BK07,2024-09-04 18:41:42
MTR000423,BK04,2024-09-04 18:41:42
MTR000423,BK02,2024-09-04 18:41:42
MTR000424,BK12,2025-03-29 23:09:16
MTR000424,BK02,2025-03-29 23:09:16
MTR000425,BK02,2024-03-27 01:10:28
MTR000425,BK07,2024-03-27 01:10:28
MTR000426,BK07,2026-02-02 23:32:14
MTR000426,BK02,2026-02-02 23:32:14
MTR000426,BK01,2026-02-02 23:32:14
MTR000427,BK10,2024-04-27 12:39:00
MTR000427,BK02,2024-04-27 12:39:00
MTR000428,BK09,2025-03-27 17:59:37
MTR000428,BK07,2025-03-27 17:59:37
MTR000429,BK10,2025-04-08 01:29:40
MTR000429,BK12,2025-04-08 01:29:40
MTR000430,BK10,2026-02-08 06:59:07
MTR000430,BK11,2026-02-08 06:59:07
MTR000431,BK02,2026-02-08 04:20:39
MTR000431,BK12,2026-02-08 04:20:39
MTR000432,BK05,2024-12-08 21:39:36
MTR000432,BK06,2024-12-08 21:39:36
MTR000433,BK10,2026-04-06 15:05:35
MTR000433,BK04,2026-04-06 15:05:35
MTR000434,BK02,2024-11-06 16:14:22
MTR000434,BK04,2024-11-06 16:14:22
MTR000435,BK10,2025-10-10 06:48:19
MTR000435,BK11,2025-10-10 06:48:19
MTR000435,BK02,2025-10-10 06:48:19
MTR000435,BK04,2025-10-10 06:48:19
MTR000436,BK03,2026-05-19 07:38:40
MTR000436,BK07,2026-05-19 07:38:40
MTR000437,BK10,2025-01-10 23:48:22
MTR000437,BK11,2025-01-10 23:48:22
MTR000437,BK04,2025-01-10 23:48:22
MTR000437,BK02,2025-01-10 23:48:22
MTR000438,BK02,2025-08-02 11:42:26
MTR000438,BK09,2025-08-02 11:42:26
MTR000438,BK04,2025-08-02 11:42:26
MTR000438,BK07,2025-08-02 11:42:26
MTR000439,BK07,2025-05-12 12:23:10
MTR000439,BK08,2025-05-12 12:23:10
MTR000440,BK06,2025-03-31 10:29:58
MTR000440,BK10,2025-03-31 10:29:58
MTR000440,BK01,2025-03-31 10:29:58
MTR000441,BK02,2025-07-21 18:57:09
MTR000441,BK04,2025-07-21 18:57:09
MTR000442,BK10,2024-03-13 13:42:39
MTR000442,BK01,2024-03-13 13:42:39
MTR000442,BK06,2024-03-13 13:42:39
MTR000443,BK02,2024-06-10 07:25:49
MTR000443,BK07,2024-06-10 07:25:49
MTR000443,BK01,2024-06-10 07:25:49
MTR000443,BK03,2024-06-10 07:25:49
MTR000444,BK07,2025-04-25 09:58:58
MTR000444,BK02,2025-04-25 09:58:58
MTR000444,BK01,2025-04-25 09:58:58
MTR000445,BK08,2025-12-04 15:28:37
MTR000445,BK07,2025-12-04 15:28:37
MTR000446,BK10,2024-08-10 15:25:42
MTR000446,BK04,2024-08-10 15:25:42
MTR000446,BK02,2024-08-10 15:25:42
MTR000447,BK01,2024-03-13 02:17:56
MTR000447,BK02,2024-03-13 02:17:56
MTR000448,BK02,2024-02-02 02:11:21
MTR000448,BK07,2024-02-02 02:11:21
MTR000448,BK01,2024-02-02 02:11:21
MTR000449,BK04,2024-09-04 18:16:39
MTR000449,BK10,2024-09-04 18:16:39
MTR000449,BK11,2024-09-04 18:16:39
MTR000450,BK03,2024-07-22 12:49:40
MTR000450,BK10,2024-07-22 12:49:40
MTR000451,BK10,2025-08-16 03:01:21
MTR000451,BK08,2025-08-16 03:01:21
MTR000452,BK02,2024-02-14 18:39:20
MTR000452,BK03,2024-02-14 18:39:20
MTR000453,BK03,2025-08-09 12:27:39
MTR000453,BK11,2025-08-09 12:27:39
MTR000453,BK10,2025-08-09 12:27:39
MTR000454,BK04,2025-06-14 04:02:32
MTR000454,BK02,2025-06-14 04:02:32
MTR000454,BK10,2025-06-14 04:02:32
MTR000455,BK07,2024-05-14 12:23:49
MTR000455,BK02,2024-05-14 12:23:49
MTR000456,BK03,2026-01-03 23:09:07
MTR000456,BK06,2026-01-03 23:09:07
MTR000456,BK05,2026-01-03 23:09:07
MTR000457,BK04,2025-01-14 03:39:25
MTR000457,BK10,2025-01-14 03:39:25
MTR000457,BK11,2025-01-14 03:39:25
MTR000458,BK06,2025-10-21 02:21:31
MTR000458,BK05,2025-10-21 02:21:31
MTR000459,BK02,2024-12-22 10:02:10
MTR000459,BK10,2024-12-22 10:02:10
MTR000460,BK10,2024-06-04 16:48:06
MTR000460,BK06,2024-06-04 16:48:06
MTR000461,BK10,2025-05-25 06:21:57
MTR000461,BK06,2025-05-25 06:21:57
MTR000461,BK04,2025-05-25 06:21:57
MTR000461,BK03,2025-05-25 06:21:57
MTR000462,BK01,2024-03-29 04:32:03
MTR000462,BK10,2024-03-29 04:32:03
MTR000462,BK06,2024-03-29 04:32:03
MTR000463,BK12,2025-11-13 07:30:20
MTR000463,BK04,2025-11-13 07:30:20
MTR000464,BK02,2025-07-30 11:35:44
MTR000464,BK10,2025-07-30 11:35:44
MTR000465,BK08,2026-03-17 17:57:51
MTR000465,BK07,2026-03-17 17:57:51
MTR000465,BK10,2026-03-17 17:57:51
MTR000466,BK04,2025-04-25 08:30:50
MTR000466,BK07,2025-04-25 08:30:50
MTR000466,BK09,2025-04-25 08:30:50
MTR000466,BK02,2025-04-25 08:30:50
MTR000467,BK02,2025-08-06 19:04:10
MTR000467,BK10,2025-08-06 19:04:10
MTR000467,BK04,2025-08-06 19:04:10
MTR000468,BK07,2025-09-06 15:33:07
MTR000468,BK02,2025-09-06 15:33:07
MTR000468,BK09,2025-09-06 15:33:07
MTR000468,BK04,2025-09-06 15:33:07
MTR000469,BK07,2026-05-04 07:49:36
MTR000469,BK04,2026-05-04 07:49:36
MTR000469,BK02,2026-05-04 07:49:36
MTR000470,BK11,2026-01-12 18:05:21
MTR000470,BK10,2026-01-12 18:05:21
MTR000471,BK10,2024-07-06 07:55:29
MTR000471,BK03,2024-07-06 07:55:29
MTR000471,BK11,2024-07-06 07:55:29
MTR000472,BK11,2024-10-28 16:30:07
MTR000472,BK10,2024-10-28 16:30:07
MTR000472,BK02,2024-10-28 16:30:07
MTR000472,BK04,2024-10-28 16:30:07
MTR000473,BK01,2026-04-03 06:49:20
MTR000473,BK02,2026-04-03 06:49:20
MTR000473,BK07,2026-04-03 06:49:20
MTR000473,BK03,2026-04-03 06:49:20
MTR000474,BK09,2025-12-16 08:28:43
MTR000474,BK07,2025-12-16 08:28:43
MTR000474,BK02,2025-12-16 08:28:43
MTR000474,BK04,2025-12-16 08:28:43
MTR000475,BK10,2026-05-14 00:32:16
MTR000475,BK03,2026-05-14 00:32:16
MTR000476,BK10,2025-04-10 06:30:59
MTR000476,BK03,2025-04-10 06:30:59
MTR000476,BK06,2025-04-10 06:30:59
MTR000477,BK10,2024-11-14 03:41:49
MTR000477,BK01,2024-11-14 03:41:49
MTR000478,BK06,2025-09-14 20:29:18
MTR000478,BK10,2025-09-14 20:29:18
MTR000478,BK01,2025-09-14 20:29:18
MTR000479,BK09,2024-03-16 02:49:38
MTR000479,BK07,2024-03-16 02:49:38
MTR000480,BK01,2026-04-11 05:45:51
MTR000480,BK06,2026-04-11 05:45:51
MTR000480,BK10,2026-04-11 05:45:51
MTR000481,BK03,2024-11-26 21:51:43
MTR000481,BK07,2024-11-26 21:51:43
MTR000481,BK02,2024-11-26 21:51:43
MTR000482,BK02,2026-05-16 11:27:13
MTR000482,BK01,2026-05-16 11:27:13
MTR000482,BK03,2026-05-16 11:27:13
MTR000483,BK06,2025-11-27 03:40:31
MTR000483,BK01,2025-11-27 03:40:31
MTR000483,BK10,2025-11-27 03:40:31
MTR000484,BK02,2024-09-09 22:38:23
MTR000484,BK07,2024-09-09 22:38:23
MTR000485,BK02,2024-04-30 05:19:48
MTR000485,BK01,2024-04-30 05:19:48
MTR000485,BK07,2024-04-30 05:19:48
MTR000486,BK07,2026-03-10 06:31:49
MTR000486,BK09,2026-03-10 06:31:49
MTR000487,BK10,2025-06-06 00:26:01
MTR000487,BK02,2025-06-06 00:26:01
MTR000487,BK11,2025-06-06 00:26:01
MTR000487,BK04,2025-06-06 00:26:01
MTR000488,BK06,2025-05-16 00:11:51
MTR000488,BK10,2025-05-16 00:11:51
MTR000489,BK07,2025-10-21 05:44:19
MTR000489,BK02,2025-10-21 05:44:19
MTR000490,BK03,2025-08-28 20:55:13
MTR000490,BK04,2025-08-28 20:55:13
MTR000490,BK10,2025-08-28 20:55:13
MTR000490,BK11,2025-08-28 20:55:13
MTR000491,BK05,2024-01-04 16:05:45
MTR000491,BK10,2024-01-04 16:05:45
MTR000491,BK03,2024-01-04 16:05:45
MTR000492,BK10,2025-11-23 07:42:02
MTR000492,BK06,2025-11-23 07:42:02
MTR000492,BK03,2025-11-23 07:42:02
MTR000492,BK05,2025-11-23 07:42:02
MTR000493,BK02,2025-08-09 11:45:48
MTR000493,BK04,2025-08-09 11:45:48
MTR000494,BK10,2024-11-30 12:08:16
MTR000494,BK01,2024-11-30 12:08:16
MTR000494,BK06,2024-11-30 12:08:16
MTR000495,BK04,2026-01-28 01:13:47
MTR000495,BK02,2026-01-28 01:13:47
MTR000495,BK10,2026-01-28 01:13:47
MTR000496,BK10,2025-12-28 17:14:02
MTR000496,BK04,2025-12-28 17:14:02
MTR000497,BK03,2025-05-15 15:18:16
MTR000497,BK05,2025-05-15 15:18:16
MTR000497,BK10,2025-05-15 15:18:16
MTR000498,BK11,2026-03-29 22:07:14
MTR000498,BK10,2026-03-29 22:07:14
MTR000499,BK07,2024-05-25 00:33:28
MTR000499,BK02,2024-05-25 00:33:28
MTR000499,BK01,2024-05-25 00:33:28
MTR000500,BK05,2024-06-27 21:37:59
MTR000500,BK03,2024-06-27 21:37:59
MTR000501,BK02,2024-06-05 16:37:11
MTR000501,BK10,2024-06-05 16:37:11
MTR000501,BK11,2024-06-05 16:37:11
MTR000502,BK12,2025-10-19 09:14:39
MTR000502,BK10,2025-10-19 09:14:39
MTR000503,BK10,2024-07-24 15:27:09
MTR000503,BK01,2024-07-24 15:27:09
MTR000503,BK06,2024-07-24 15:27:09
MTR000504,BK09,2024-06-19 19:40:39
MTR000504,BK07,2024-06-19 19:40:39
MTR000504,BK02,2024-06-19 19:40:39
MTR000505,BK02,2024-04-16 17:10:16
MTR000505,BK10,2024-04-16 17:10:16
MTR000505,BK04,2024-04-16 17:10:16
MTR000506,BK10,2024-02-25 13:46:39
MTR000506,BK04,2024-02-25 13:46:39
MTR000506,BK06,2024-02-25 13:46:39
MTR000506,BK03,2024-02-25 13:46:39
MTR000507,BK07,2026-03-14 07:49:48
MTR000507,BK08,2026-03-14 07:49:48
MTR000507,BK10,2026-03-14 07:49:48
MTR000508,BK02,2025-09-11 21:25:21
MTR000508,BK10,2025-09-11 21:25:21
MTR000508,BK12,2025-09-11 21:25:21
MTR000508,BK04,2025-09-11 21:25:21
MTR000509,BK06,2024-03-08 05:33:17
MTR000509,BK10,2024-03-08 05:33:17
MTR000510,BK11,2024-12-27 05:39:18
MTR000510,BK02,2024-12-27 05:39:18
MTR000511,BK12,2024-05-18 00:19:09
MTR000511,BK04,2024-05-18 00:19:09
MTR000511,BK10,2024-05-18 00:19:09
MTR000511,BK02,2024-05-18 00:19:09
MTR000512,BK12,2026-03-25 14:12:56
MTR000512,BK10,2026-03-25 14:12:56
MTR000513,BK07,2025-12-10 05:57:26
MTR000513,BK10,2025-12-10 05:57:26
MTR000513,BK08,2025-12-10 05:57:26
MTR000514,BK10,2024-07-04 07:55:13
MTR000514,BK06,2024-07-04 07:55:13
MTR000514,BK03,2024-07-04 07:55:13
MTR000514,BK05,2024-07-04 07:55:13
MTR000515,BK03,2026-03-11 13:35:43
MTR000515,BK04,2026-03-11 13:35:43
MTR000516,BK10,2026-02-26 23:50:44
MTR000516,BK02,2026-02-26 23:50:44
MTR000517,BK10,2025-06-25 16:43:02
MTR000517,BK03,2025-06-25 16:43:02
MTR000517,BK06,2025-06-25 16:43:02
MTR000518,BK10,2024-01-15 13:35:53
MTR000518,BK05,2024-01-15 13:35:53
MTR000518,BK06,2024-01-15 13:35:53
MTR000519,BK05,2024-06-20 13:49:39
MTR000519,BK03,2024-06-20 13:49:39
MTR000520,BK10,2024-09-19 18:33:53
MTR000520,BK12,2024-09-19 18:33:53
MTR000520,BK04,2024-09-19 18:33:53
MTR000521,BK04,2024-11-26 15:01:40
MTR000521,BK10,2024-11-26 15:01:40
MTR000521,BK03,2024-11-26 15:01:40
MTR000522,BK02,2025-06-10 09:33:51
MTR000522,BK04,2025-06-10 09:33:51
MTR000522,BK12,2025-06-10 09:33:51
MTR000523,BK07,2025-08-11 09:38:55
MTR000523,BK10,2025-08-11 09:38:55
MTR000523,BK08,2025-08-11 09:38:55
MTR000524,BK06,2025-03-17 09:55:19
MTR000524,BK10,2025-03-17 09:55:19
MTR000524,BK05,2025-03-17 09:55:19
MTR000525,BK02,2024-07-09 17:50:24
MTR000525,BK12,2024-07-09 17:50:24
MTR000525,BK04,2024-07-09 17:50:24
MTR000526,BK07,2024-05-15 07:04:40
MTR000526,BK03,2024-05-15 07:04:40
MTR000526,BK02,2024-05-15 07:04:40
MTR000527,BK02,2025-05-15 19:50:59
MTR000527,BK04,2025-05-15 19:50:59
MTR000527,BK10,2025-05-15 19:50:59
MTR000528,BK04,2024-10-19 06:28:51
MTR000528,BK10,2024-10-19 06:28:51
MTR000528,BK11,2024-10-19 06:28:51
MTR000529,BK07,2025-11-16 18:30:48
MTR000529,BK09,2025-11-16 18:30:48
MTR000529,BK02,2025-11-16 18:30:48
MTR000529,BK04,2025-11-16 18:30:48
MTR000530,BK04,2024-11-13 08:41:18
MTR000530,BK12,2024-11-13 08:41:18
MTR000531,BK03,2025-02-25 00:46:30
MTR000531,BK10,2025-02-25 00:46:30
MTR000532,BK09,2025-01-22 12:42:51
MTR000532,BK02,2025-01-22 12:42:51
MTR000533,BK03,2024-08-22 21:00:48
MTR000533,BK05,2024-08-22 21:00:48
MTR000533,BK10,2024-08-22 21:00:48
MTR000534,BK03,2026-01-31 07:35:31
MTR000534,BK04,2026-01-31 07:35:31
MTR000535,BK07,2024-01-28 13:51:40
MTR000535,BK01,2024-01-28 13:51:40
MTR000536,BK10,2024-03-02 04:19:49
MTR000536,BK04,2024-03-02 04:19:49
MTR000536,BK11,2024-03-02 04:19:49
MTR000537,BK02,2024-06-12 16:48:20
MTR000537,BK07,2024-06-12 16:48:20
MTR000537,BK01,2024-06-12 16:48:20
MTR000538,BK02,2024-05-13 05:11:48
MTR000538,BK04,2024-05-13 05:11:48
MTR000538,BK09,2024-05-13 05:11:48
MTR000538,BK07,2024-05-13 05:11:48
MTR000539,BK02,2025-02-11 16:53:27
MTR000539,BK04,2025-02-11 16:53:27
MTR000539,BK07,2025-02-11 16:53:27
MTR000539,BK09,2025-02-11 16:53:27
MTR000540,BK05,2025-11-17 17:39:18
MTR000540,BK03,2025-11-17 17:39:18
MTR000540,BK10,2025-11-17 17:39:18
MTR000540,BK06,2025-11-17 17:39:18
MTR000541,BK02,2026-01-20 16:43:54
MTR000541,BK04,2026-01-20 16:43:54
MTR000542,BK12,2024-11-23 08:19:59
MTR000542,BK10,2024-11-23 08:19:59
MTR000542,BK03,2024-11-23 08:19:59
MTR000542,BK02,2024-11-23 08:19:59
MTR000543,BK10,2025-05-14 22:24:42
MTR000543,BK06,2025-05-14 22:24:42
MTR000543,BK05,2025-05-14 22:24:42
MTR000543,BK03,2025-05-14 22:24:42
MTR000544,BK10,2026-05-20 15:53:59
MTR000544,BK04,2026-05-20 15:53:59
MTR000545,BK01,2025-10-16 07:05:09
MTR000545,BK07,2025-10-16 07:05:09
MTR000545,BK02,2025-10-16 07:05:09
MTR000546,BK10,2025-02-03 17:27:35
MTR000546,BK02,2025-02-03 17:27:35
MTR000546,BK12,2025-02-03 17:27:35
MTR000546,BK03,2025-02-03 17:27:35
MTR000547,BK10,2025-01-11 15:14:51
MTR000547,BK02,2025-01-11 15:14:51
MTR000547,BK04,2025-01-11 15:14:51
MTR000547,BK11,2025-01-11 15:14:51
MTR000548,BK03,2024-11-18 09:29:19
MTR000548,BK05,2024-11-18 09:29:19
MTR000549,BK03,2024-09-20 08:41:09
MTR000549,BK10,2024-09-20 08:41:09
MTR000549,BK05,2024-09-20 08:41:09
MTR000550,BK02,2026-04-16 17:02:22
MTR000550,BK01,2026-04-16 17:02:22
MTR000551,BK10,2024-12-06 05:02:03
MTR000551,BK04,2024-12-06 05:02:03
MTR000552,BK09,2025-06-11 09:22:04
MTR000552,BK07,2025-06-11 09:22:04
MTR000552,BK02,2025-06-11 09:22:04
MTR000552,BK04,2025-06-11 09:22:04
MTR000553,BK12,2024-10-01 18:04:39
MTR000553,BK03,2024-10-01 18:04:39
MTR000554,BK06,2025-04-11 10:35:44
MTR000554,BK05,2025-04-11 10:35:44
MTR000554,BK03,2025-04-11 10:35:44
MTR000555,BK07,2025-11-20 15:29:01
MTR000555,BK10,2025-11-20 15:29:01
MTR000556,BK09,2024-09-21 00:46:12
MTR000556,BK02,2024-09-21 00:46:12
MTR000556,BK04,2024-09-21 00:46:12
MTR000556,BK07,2024-09-21 00:46:12
MTR000557,BK04,2025-11-22 03:38:12
MTR000557,BK02,2025-11-22 03:38:12
MTR000557,BK10,2025-11-22 03:38:12
MTR000558,BK02,2024-08-20 04:42:07
MTR000558,BK10,2024-08-20 04:42:07
MTR000559,BK10,2025-09-12 14:26:53
MTR000559,BK03,2025-09-12 14:26:53
MTR000560,BK01,2024-08-24 18:54:15
MTR000560,BK07,2024-08-24 18:54:15
MTR000561,BK03,2025-11-01 12:32:14
MTR000561,BK11,2025-11-01 12:32:14
MTR000562,BK01,2024-07-31 06:47:50
MTR000562,BK10,2024-07-31 06:47:50
MTR000563,BK03,2025-09-26 13:52:44
MTR000563,BK11,2025-09-26 13:52:44
MTR000563,BK04,2025-09-26 13:52:44
MTR000563,BK10,2025-09-26 13:52:44
MTR000564,BK10,2024-05-07 22:28:25
MTR000564,BK06,2024-05-07 22:28:25
MTR000564,BK01,2024-05-07 22:28:25
MTR000565,BK03,2025-01-06 23:55:26
MTR000565,BK07,2025-01-06 23:55:26
MTR000565,BK01,2025-01-06 23:55:26
MTR000566,BK11,2024-09-30 07:49:12
MTR000566,BK10,2024-09-30 07:49:12
MTR000567,BK04,2025-02-28 19:00:03
MTR000567,BK12,2025-02-28 19:00:03
MTR000567,BK10,2025-02-28 19:00:03
MTR000568,BK11,2025-06-02 02:10:47
MTR000568,BK10,2025-06-02 02:10:47
MTR000568,BK04,2025-06-02 02:10:47
MTR000569,BK04,2025-02-18 02:08:24
MTR000569,BK02,2025-02-18 02:08:24
MTR000569,BK10,2025-02-18 02:08:24
MTR000570,BK01,2025-01-23 05:43:33
MTR000570,BK02,2025-01-23 05:43:33
MTR000570,BK03,2025-01-23 05:43:33
MTR000570,BK07,2025-01-23 05:43:33
MTR000571,BK02,2026-02-28 06:55:39
MTR000571,BK09,2026-02-28 06:55:39
MTR000571,BK04,2026-02-28 06:55:39
MTR000571,BK07,2026-02-28 06:55:39
MTR000572,BK02,2024-02-18 22:18:29
MTR000572,BK04,2024-02-18 22:18:29
MTR000572,BK10,2024-02-18 22:18:29
MTR000572,BK12,2024-02-18 22:18:29
MTR000573,BK02,2025-07-31 17:40:38
MTR000573,BK04,2025-07-31 17:40:38
MTR000573,BK10,2025-07-31 17:40:38
MTR000573,BK11,2025-07-31 17:40:38
MTR000574,BK04,2024-08-20 04:16:57
MTR000574,BK10,2024-08-20 04:16:57
MTR000574,BK11,2024-08-20 04:16:57
MTR000574,BK02,2024-08-20 04:16:57
MTR000575,BK07,2025-07-09 00:50:39
MTR000575,BK02,2025-07-09 00:50:39
MTR000576,BK04,2024-12-14 13:09:55
MTR000576,BK11,2024-12-14 13:09:55
MTR000577,BK02,2025-04-29 00:19:31
MTR000577,BK10,2025-04-29 00:19:31
MTR000577,BK11,2025-04-29 00:19:31
MTR000577,BK04,2025-04-29 00:19:31
MTR000578,BK04,2024-07-13 18:49:59
MTR000578,BK10,2024-07-13 18:49:59
MTR000579,BK03,2025-05-30 09:06:17
MTR000579,BK11,2025-05-30 09:06:17
MTR000580,BK07,2026-05-23 07:07:41
MTR000580,BK04,2026-05-23 07:07:41
MTR000580,BK09,2026-05-23 07:07:41
MTR000580,BK02,2026-05-23 07:07:41
MTR000581,BK02,2026-01-04 20:10:06
MTR000581,BK12,2026-01-04 20:10:06
MTR000581,BK03,2026-01-04 20:10:06
MTR000581,BK10,2026-01-04 20:10:06
MTR000582,BK10,2025-02-27 08:36:35
MTR000582,BK06,2025-02-27 08:36:35
MTR000583,BK10,2024-10-07 18:51:17
MTR000583,BK02,2024-10-07 18:51:17
MTR000583,BK04,2024-10-07 18:51:17
MTR000583,BK12,2024-10-07 18:51:17
MTR000584,BK02,2025-08-30 14:19:12
MTR000584,BK09,2025-08-30 14:19:12
MTR000585,BK07,2025-01-25 14:00:53
MTR000585,BK10,2025-01-25 14:00:53
MTR000585,BK08,2025-01-25 14:00:53
MTR000586,BK02,2025-02-06 11:07:18
MTR000586,BK04,2025-02-06 11:07:18
MTR000587,BK06,2024-01-17 22:01:34
MTR000587,BK10,2024-01-17 22:01:34
MTR000587,BK03,2024-01-17 22:01:34
MTR000588,BK10,2025-05-04 22:58:08
MTR000588,BK04,2025-05-04 22:58:08
MTR000588,BK03,2025-05-04 22:58:08
MTR000589,BK07,2025-01-08 06:30:27
MTR000589,BK04,2025-01-08 06:30:27
MTR000589,BK09,2025-01-08 06:30:27
MTR000590,BK12,2025-04-25 23:33:31
MTR000590,BK10,2025-04-25 23:33:31
MTR000590,BK02,2025-04-25 23:33:31
MTR000591,BK04,2025-01-13 12:07:27
MTR000591,BK02,2025-01-13 12:07:27
MTR000591,BK07,2025-01-13 12:07:27
MTR000592,BK04,2024-08-15 02:59:48
MTR000592,BK02,2024-08-15 02:59:48
MTR000592,BK07,2024-08-15 02:59:48
MTR000593,BK10,2024-01-05 13:03:11
MTR000593,BK06,2024-01-05 13:03:11
MTR000594,BK02,2024-11-20 23:54:04
MTR000594,BK09,2024-11-20 23:54:04
MTR000594,BK04,2024-11-20 23:54:04
MTR000595,BK10,2025-09-18 22:03:11
MTR000595,BK12,2025-09-18 22:03:11
MTR000595,BK03,2025-09-18 22:03:11
MTR000596,BK10,2026-04-21 12:08:14
MTR000596,BK04,2026-04-21 12:08:14
MTR000596,BK11,2026-04-21 12:08:14
MTR000597,BK06,2024-10-08 13:26:03
MTR000597,BK01,2024-10-08 13:26:03
MTR000597,BK10,2024-10-08 13:26:03
MTR000598,BK02,2024-07-19 12:30:45
MTR000598,BK11,2024-07-19 12:30:45
MTR000599,BK10,2024-07-08 12:38:41
MTR000599,BK12,2024-07-08 12:38:41
MTR000600,BK03,2026-04-04 21:46:10
MTR000600,BK06,2026-04-04 21:46:10
MTR000601,BK12,2025-03-18 11:13:03
MTR000601,BK10,2025-03-18 11:13:03
MTR000602,BK01,2025-09-06 18:43:18
MTR000602,BK03,2025-09-06 18:43:18
MTR000603,BK01,2025-10-23 19:37:58
MTR000603,BK06,2025-10-23 19:37:58
MTR000604,BK01,2025-07-18 17:10:37
MTR000604,BK10,2025-07-18 17:10:37
MTR000605,BK02,2024-08-04 01:34:46
MTR000605,BK10,2024-08-04 01:34:46
MTR000605,BK04,2024-08-04 01:34:46
MTR000606,BK02,2026-01-17 11:19:01
MTR000606,BK10,2026-01-17 11:19:01
MTR000606,BK12,2026-01-17 11:19:01
MTR000606,BK04,2026-01-17 11:19:01
MTR000607,BK10,2025-02-20 01:47:35
MTR000607,BK06,2025-02-20 01:47:35
MTR000607,BK03,2025-02-20 01:47:35
MTR000607,BK04,2025-02-20 01:47:35
MTR000608,BK04,2025-02-23 13:15:41
MTR000608,BK07,2025-02-23 13:15:41
MTR000609,BK01,2024-05-09 05:04:29
MTR000609,BK07,2024-05-09 05:04:29
MTR000609,BK03,2024-05-09 05:04:29
MTR000609,BK02,2024-05-09 05:04:29
MTR000610,BK10,2026-03-09 07:07:07
MTR000610,BK11,2026-03-09 07:07:07
MTR000611,BK09,2024-07-23 17:03:37
MTR000611,BK04,2024-07-23 17:03:37
MTR000611,BK07,2024-07-23 17:03:37
MTR000612,BK04,2024-11-07 04:28:33
MTR000612,BK09,2024-11-07 04:28:33
MTR000612,BK07,2024-11-07 04:28:33
MTR000612,BK02,2024-11-07 04:28:33
MTR000613,BK07,2024-06-25 16:26:41
MTR000613,BK08,2024-06-25 16:26:41
MTR000613,BK10,2024-06-25 16:26:41
MTR000614,BK08,2025-09-26 14:48:25
MTR000614,BK10,2025-09-26 14:48:25
MTR000614,BK07,2025-09-26 14:48:25
MTR000615,BK07,2025-11-18 15:18:41
MTR000615,BK02,2025-11-18 15:18:41
MTR000615,BK01,2025-11-18 15:18:41
MTR000616,BK09,2026-02-08 09:21:04
MTR000616,BK07,2026-02-08 09:21:04
MTR000616,BK04,2026-02-08 09:21:04
MTR000617,BK06,2025-05-07 07:29:27
MTR000617,BK04,2025-05-07 07:29:27
MTR000617,BK03,2025-05-07 07:29:27
MTR000618,BK10,2024-03-15 00:59:09
MTR000618,BK03,2024-03-15 00:59:09
MTR000618,BK05,2024-03-15 00:59:09
MTR000619,BK10,2026-01-12 16:34:53
MTR000619,BK11,2026-01-12 16:34:53
MTR000620,BK02,2024-04-24 06:37:56
MTR000620,BK11,2024-04-24 06:37:56
MTR000621,BK10,2026-04-04 05:26:41
MTR000621,BK12,2026-04-04 05:26:41
MTR000621,BK03,2026-04-04 05:26:41
MTR000622,BK02,2024-02-18 08:24:38
MTR000622,BK04,2024-02-18 08:24:38
MTR000623,BK10,2024-06-12 22:59:46
MTR000623,BK06,2024-06-12 22:59:46
MTR000623,BK01,2024-06-12 22:59:46
MTR000624,BK03,2025-05-28 04:52:19
MTR000624,BK10,2025-05-28 04:52:19
MTR000624,BK04,2025-05-28 04:52:19
MTR000624,BK11,2025-05-28 04:52:19
MTR000625,BK12,2025-09-13 04:04:49
MTR000625,BK10,2025-09-13 04:04:49
MTR000626,BK07,2025-04-28 18:48:22
MTR000626,BK10,2025-04-28 18:48:22
MTR000626,BK08,2025-04-28 18:48:22
MTR000627,BK04,2026-05-28 13:09:31
MTR000627,BK10,2026-05-28 13:09:31
MTR000627,BK11,2026-05-28 13:09:31
MTR000627,BK03,2026-05-28 13:09:31
MTR000628,BK02,2024-11-05 20:40:20
MTR000628,BK01,2024-11-05 20:40:20
MTR000629,BK04,2025-04-04 20:07:23
MTR000629,BK10,2025-04-04 20:07:23
MTR000629,BK11,2025-04-04 20:07:23
MTR000629,BK03,2025-04-04 20:07:23
MTR000630,BK10,2025-09-24 19:41:45
MTR000630,BK08,2025-09-24 19:41:45
MTR000630,BK07,2025-09-24 19:41:45
MTR000631,BK07,2025-03-07 10:20:18
MTR000631,BK10,2025-03-07 10:20:18
MTR000632,BK02,2024-02-07 09:27:40
MTR000632,BK01,2024-02-07 09:27:40
MTR000633,BK03,2025-09-08 16:21:10
MTR000633,BK10,2025-09-08 16:21:10
MTR000633,BK06,2025-09-08 16:21:10
MTR000633,BK04,2025-09-08 16:21:10
MTR000634,BK12,2025-10-21 02:35:41
MTR000634,BK04,2025-10-21 02:35:41
MTR000635,BK04,2024-02-02 02:09:55
MTR000635,BK02,2024-02-02 02:09:55
MTR000636,BK10,2025-04-27 17:48:04
MTR000636,BK11,2025-04-27 17:48:04
MTR000636,BK03,2025-04-27 17:48:04
MTR000636,BK04,2025-04-27 17:48:04
MTR000637,BK10,2025-08-02 16:39:31
MTR000637,BK04,2025-08-02 16:39:31
MTR000637,BK06,2025-08-02 16:39:31
MTR000637,BK03,2025-08-02 16:39:31
MTR000638,BK10,2024-04-22 03:09:35
MTR000638,BK02,2024-04-22 03:09:35
MTR000638,BK04,2024-04-22 03:09:35
MTR000638,BK12,2024-04-22 03:09:35
MTR000639,BK08,2025-05-24 01:39:39
MTR000639,BK07,2025-05-24 01:39:39
MTR000640,BK04,2025-04-25 16:17:58
MTR000640,BK02,2025-04-25 16:17:58
MTR000640,BK07,2025-04-25 16:17:58
MTR000640,BK09,2025-04-25 16:17:58
MTR000641,BK10,2025-12-30 03:29:49
MTR000641,BK02,2025-12-30 03:29:49
MTR000641,BK12,2025-12-30 03:29:49
MTR000641,BK04,2025-12-30 03:29:49
MTR000642,BK04,2025-06-21 21:37:34
MTR000642,BK02,2025-06-21 21:37:34
MTR000643,BK04,2024-02-20 04:30:53
MTR000643,BK10,2024-02-20 04:30:53
MTR000643,BK02,2024-02-20 04:30:53
MTR000644,BK10,2024-01-13 09:07:24
MTR000644,BK02,2024-01-13 09:07:24
MTR000644,BK12,2024-01-13 09:07:24
MTR000645,BK02,2024-05-29 06:42:25
MTR000645,BK04,2024-05-29 06:42:25
MTR000645,BK09,2024-05-29 06:42:25
MTR000646,BK05,2024-10-12 04:30:37
MTR000646,BK10,2024-10-12 04:30:37
MTR000646,BK03,2024-10-12 04:30:37
MTR000646,BK06,2024-10-12 04:30:37
MTR000647,BK07,2024-01-13 19:38:19
MTR000647,BK01,2024-01-13 19:38:19
MTR000647,BK03,2024-01-13 19:38:19
MTR000647,BK02,2024-01-13 19:38:19
MTR000648,BK06,2026-04-29 12:49:03
MTR000648,BK03,2026-04-29 12:49:03
MTR000648,BK05,2026-04-29 12:49:03
MTR000648,BK10,2026-04-29 12:49:03
MTR000649,BK12,2024-03-22 10:01:41
MTR000649,BK03,2024-03-22 10:01:41
MTR000649,BK10,2024-03-22 10:01:41
MTR000650,BK06,2026-05-18 05:35:23
MTR000650,BK10,2026-05-18 05:35:23
MTR000650,BK03,2026-05-18 05:35:23
MTR000650,BK05,2026-05-18 05:35:23
MTR000651,BK03,2025-06-21 22:15:12
MTR000651,BK06,2025-06-21 22:15:12
MTR000651,BK10,2025-06-21 22:15:12
MTR000651,BK04,2025-06-21 22:15:12
MTR000652,BK02,2024-07-25 11:14:50
MTR000652,BK11,2024-07-25 11:14:50
MTR000653,BK10,2024-01-17 13:54:45
MTR000653,BK01,2024-01-17 13:54:45
MTR000654,BK01,2024-06-24 21:43:08
MTR000654,BK03,2024-06-24 21:43:08
MTR000655,BK02,2024-03-17 04:23:03
MTR000655,BK04,2024-03-17 04:23:03
MTR000656,BK10,2025-07-16 20:54:34
MTR000656,BK04,2025-07-16 20:54:34
MTR000656,BK12,2025-07-16 20:54:34
MTR000657,BK10,2024-09-30 11:41:44
MTR000657,BK05,2024-09-30 11:41:44
MTR000657,BK06,2024-09-30 11:41:44
MTR000657,BK03,2024-09-30 11:41:44
MTR000658,BK05,2025-03-14 04:29:22
MTR000658,BK10,2025-03-14 04:29:22
MTR000658,BK03,2025-03-14 04:29:22
MTR000659,BK05,2024-03-01 09:46:39
MTR000659,BK03,2024-03-01 09:46:39
MTR000660,BK06,2024-02-28 03:08:30
MTR000660,BK10,2024-02-28 03:08:30
MTR000660,BK01,2024-02-28 03:08:30
MTR000661,BK11,2024-01-31 08:37:54
MTR000661,BK04,2024-01-31 08:37:54
MTR000662,BK03,2025-08-12 22:51:23
MTR000662,BK11,2025-08-12 22:51:23
MTR000662,BK10,2025-08-12 22:51:23
MTR000662,BK04,2025-08-12 22:51:23
MTR000663,BK04,2025-12-15 07:26:28
MTR000663,BK09,2025-12-15 07:26:28
MTR000664,BK02,2024-02-24 20:40:01
MTR000664,BK10,2024-02-24 20:40:01
MTR000664,BK12,2024-02-24 20:40:01
MTR000665,BK10,2025-03-03 18:10:49
MTR000665,BK03,2025-03-03 18:10:49
MTR000665,BK06,2025-03-03 18:10:49
MTR000666,BK10,2025-01-22 17:09:22
MTR000666,BK03,2025-01-22 17:09:22
MTR000666,BK05,2025-01-22 17:09:22
MTR000667,BK06,2025-07-01 10:35:19
MTR000667,BK01,2025-07-01 10:35:19
MTR000668,BK03,2026-02-23 10:32:12
MTR000668,BK05,2026-02-23 10:32:12
MTR000668,BK06,2026-02-23 10:32:12
MTR000668,BK10,2026-02-23 10:32:12
MTR000669,BK07,2024-12-27 14:54:43
MTR000669,BK02,2024-12-27 14:54:43
MTR000669,BK01,2024-12-27 14:54:43
MTR000670,BK10,2024-08-08 07:54:36
MTR000670,BK02,2024-08-08 07:54:36
MTR000670,BK12,2024-08-08 07:54:36
MTR000670,BK03,2024-08-08 07:54:36
MTR000671,BK10,2025-09-06 21:44:03
MTR000671,BK03,2025-09-06 21:44:03
MTR000672,BK02,2025-08-01 01:53:35
MTR000672,BK04,2025-08-01 01:53:35
MTR000673,BK10,2024-09-19 13:35:30
MTR000673,BK02,2024-09-19 13:35:30
MTR000673,BK04,2024-09-19 13:35:30
MTR000674,BK03,2025-03-02 17:50:35
MTR000674,BK05,2025-03-02 17:50:35
MTR000674,BK10,2025-03-02 17:50:35
MTR000674,BK06,2025-03-02 17:50:35
MTR000675,BK10,2024-07-03 00:52:57
MTR000675,BK12,2024-07-03 00:52:57
MTR000675,BK04,2024-07-03 00:52:57
MTR000676,BK05,2025-01-15 11:42:57
MTR000676,BK03,2025-01-15 11:42:57
MTR000677,BK07,2024-03-16 03:12:41
MTR000677,BK09,2024-03-16 03:12:41
MTR000677,BK04,2024-03-16 03:12:41
MTR000678,BK10,2025-12-22 17:12:20
MTR000678,BK01,2025-12-22 17:12:20
MTR000679,BK10,2025-05-13 11:44:43
MTR000679,BK03,2025-05-13 11:44:43
MTR000679,BK04,2025-05-13 11:44:43
MTR000680,BK01,2024-08-10 08:35:56
MTR000680,BK06,2024-08-10 08:35:56
MTR000681,BK06,2024-05-07 15:04:15
MTR000681,BK05,2024-05-07 15:04:15
MTR000681,BK10,2024-05-07 15:04:15
MTR000682,BK01,2024-03-28 18:13:47
MTR000682,BK06,2024-03-28 18:13:47
MTR000683,BK11,2025-02-04 11:05:28
MTR000683,BK10,2025-02-04 11:05:28
MTR000684,BK02,2024-11-02 07:36:22
MTR000684,BK10,2024-11-02 07:36:22
MTR000685,BK06,2025-09-16 03:45:00
MTR000685,BK10,2025-09-16 03:45:00
MTR000685,BK01,2025-09-16 03:45:00
MTR000686,BK04,2025-02-27 11:13:53
MTR000686,BK02,2025-02-27 11:13:53
MTR000687,BK04,2024-12-11 05:10:31
MTR000687,BK07,2024-12-11 05:10:31
MTR000687,BK09,2024-12-11 05:10:31
MTR000687,BK02,2024-12-11 05:10:31
MTR000688,BK03,2024-04-11 02:14:16
MTR000688,BK11,2024-04-11 02:14:16
MTR000688,BK04,2024-04-11 02:14:16
MTR000688,BK10,2024-04-11 02:14:16
MTR000689,BK03,2025-08-30 09:19:37
MTR000689,BK12,2025-08-30 09:19:37
MTR000690,BK01,2026-03-20 01:08:23
MTR000690,BK02,2026-03-20 01:08:23
MTR000691,BK10,2025-10-05 10:25:21
MTR000691,BK01,2025-10-05 10:25:21
MTR000691,BK06,2025-10-05 10:25:21
MTR000692,BK03,2024-02-03 04:37:36
MTR000692,BK10,2024-02-03 04:37:36
MTR000693,BK03,2025-05-17 14:49:44
MTR000693,BK10,2025-05-17 14:49:44
MTR000693,BK06,2025-05-17 14:49:44
MTR000694,BK05,2024-07-23 18:33:40
MTR000694,BK06,2024-07-23 18:33:40
MTR000694,BK10,2024-07-23 18:33:40
MTR000694,BK03,2024-07-23 18:33:40
MTR000695,BK03,2025-12-24 09:14:48
MTR000695,BK02,2025-12-24 09:14:48
MTR000695,BK10,2025-12-24 09:14:48
MTR000696,BK10,2026-03-19 22:17:31
MTR000696,BK06,2026-03-19 22:17:31
MTR000696,BK05,2026-03-19 22:17:31
MTR000696,BK03,2026-03-19 22:17:31
MTR000697,BK01,2026-03-19 11:41:01
MTR000697,BK06,2026-03-19 11:41:01
MTR000698,BK07,2025-09-26 09:36:52
MTR000698,BK08,2025-09-26 09:36:52
MTR000698,BK10,2025-09-26 09:36:52
MTR000699,BK03,2025-05-29 04:46:36
MTR000699,BK11,2025-05-29 04:46:36
MTR000699,BK10,2025-05-29 04:46:36
MTR000699,BK04,2025-05-29 04:46:36
MTR000700,BK01,2025-07-20 23:08:28
MTR000700,BK10,2025-07-20 23:08:28
MTR000700,BK06,2025-07-20 23:08:28
MTR000701,BK04,2024-06-09 18:01:44
MTR000701,BK10,2024-06-09 18:01:44
MTR000701,BK02,2024-06-09 18:01:44
MTR000702,BK07,2025-03-26 01:41:05
MTR000702,BK04,2025-03-26 01:41:05
MTR000703,BK03,2025-09-08 13:47:06
MTR000703,BK06,2025-09-08 13:47:06
MTR000703,BK05,2025-09-08 13:47:06
MTR000704,BK02,2025-01-19 05:03:36
MTR000704,BK04,2025-01-19 05:03:36
MTR000705,BK04,2024-03-26 05:41:20
MTR000705,BK02,2024-03-26 05:41:20
MTR000706,BK12,2024-12-05 07:55:22
MTR000706,BK04,2024-12-05 07:55:22
MTR000706,BK10,2024-12-05 07:55:22
MTR000706,BK02,2024-12-05 07:55:22
MTR000707,BK10,2025-02-04 06:33:22
MTR000707,BK04,2025-02-04 06:33:22
MTR000707,BK03,2025-02-04 06:33:22
MTR000707,BK11,2025-02-04 06:33:22
MTR000708,BK10,2024-10-01 21:46:55
MTR000708,BK03,2024-10-01 21:46:55
MTR000708,BK06,2024-10-01 21:46:55
MTR000708,BK05,2024-10-01 21:46:55
MTR000709,BK07,2025-06-09 20:56:10
MTR000709,BK10,2025-06-09 20:56:10
MTR000709,BK08,2025-06-09 20:56:10
MTR000710,BK07,2025-02-17 23:58:21
MTR000710,BK10,2025-02-17 23:58:21
MTR000710,BK08,2025-02-17 23:58:21
MTR000711,BK04,2025-12-28 04:05:37
MTR000711,BK02,2025-12-28 04:05:37
MTR000712,BK09,2025-02-25 07:42:44
MTR000712,BK02,2025-02-25 07:42:44
MTR000712,BK04,2025-02-25 07:42:44
MTR000713,BK02,2024-03-15 12:23:37
MTR000713,BK10,2024-03-15 12:23:37
MTR000713,BK11,2024-03-15 12:23:37
MTR000713,BK04,2024-03-15 12:23:37
MTR000714,BK03,2025-08-08 14:03:36
MTR000714,BK11,2025-08-08 14:03:36
MTR000715,BK02,2024-02-26 05:34:40
MTR000715,BK09,2024-02-26 05:34:40
MTR000716,BK10,2025-02-06 18:59:49
MTR000716,BK01,2025-02-06 18:59:49
MTR000717,BK02,2025-02-04 12:40:42
MTR000717,BK10,2025-02-04 12:40:42
MTR000717,BK04,2025-02-04 12:40:42
MTR000718,BK07,2026-05-15 15:42:51
MTR000718,BK04,2026-05-15 15:42:51
MTR000718,BK09,2026-05-15 15:42:51
MTR000718,BK02,2026-05-15 15:42:51
MTR000719,BK12,2024-11-15 10:44:31
MTR000719,BK10,2024-11-15 10:44:31
MTR000719,BK02,2024-11-15 10:44:31
MTR000720,BK02,2025-01-26 12:44:10
MTR000720,BK04,2025-01-26 12:44:10
MTR000721,BK02,2026-01-12 16:50:05
MTR000721,BK07,2026-01-12 16:50:05
MTR000722,BK09,2024-05-18 01:16:21
MTR000722,BK02,2024-05-18 01:16:21
MTR000722,BK07,2024-05-18 01:16:21
MTR000722,BK04,2024-05-18 01:16:21
MTR000723,BK04,2026-05-09 13:02:55
MTR000723,BK10,2026-05-09 13:02:55
MTR000724,BK04,2024-02-15 21:45:52
MTR000724,BK11,2024-02-15 21:45:52
MTR000725,BK02,2025-05-13 08:08:46
MTR000725,BK01,2025-05-13 08:08:46
MTR000726,BK02,2026-05-13 23:19:57
MTR000726,BK03,2026-05-13 23:19:57
MTR000726,BK10,2026-05-13 23:19:57
MTR000727,BK06,2025-09-03 00:23:06
MTR000727,BK01,2025-09-03 00:23:06
MTR000727,BK10,2025-09-03 00:23:06
MTR000728,BK02,2024-02-21 12:54:18
MTR000728,BK09,2024-02-21 12:54:18
MTR000728,BK07,2024-02-21 12:54:18
MTR000729,BK04,2025-05-02 14:50:47
MTR000729,BK10,2025-05-02 14:50:47
MTR000729,BK02,2025-05-02 14:50:47
MTR000730,BK10,2026-03-25 10:42:48
MTR000730,BK02,2026-03-25 10:42:48
MTR000730,BK03,2026-03-25 10:42:48
MTR000730,BK12,2026-03-25 10:42:48
MTR000731,BK10,2024-11-10 16:17:35
MTR000731,BK02,2024-11-10 16:17:35
MTR000731,BK12,2024-11-10 16:17:35
MTR000731,BK04,2024-11-10 16:17:35
MTR000732,BK04,2024-05-24 04:26:49
MTR000732,BK11,2024-05-24 04:26:49
MTR000732,BK03,2024-05-24 04:26:49
MTR000732,BK10,2024-05-24 04:26:49
MTR000733,BK03,2024-04-29 23:50:08
MTR000733,BK01,2024-04-29 23:50:08
MTR000733,BK07,2024-04-29 23:50:08
MTR000733,BK02,2024-04-29 23:50:08
MTR000734,BK03,2026-01-18 13:44:07
MTR000734,BK10,2026-01-18 13:44:07
MTR000734,BK05,2026-01-18 13:44:07
MTR000735,BK10,2025-10-24 07:23:37
MTR000735,BK07,2025-10-24 07:23:37
MTR000736,BK04,2024-07-06 13:15:13
MTR000736,BK09,2024-07-06 13:15:13
MTR000736,BK02,2024-07-06 13:15:13
MTR000737,BK07,2025-09-14 11:01:16
MTR000737,BK04,2025-09-14 11:01:16
MTR000737,BK09,2025-09-14 11:01:16
MTR000738,BK02,2026-02-19 07:06:59
MTR000738,BK01,2026-02-19 07:06:59
MTR000739,BK06,2025-02-28 13:40:16
MTR000739,BK01,2025-02-28 13:40:16
MTR000740,BK04,2024-11-28 02:50:37
MTR000740,BK10,2024-11-28 02:50:37
MTR000740,BK02,2024-11-28 02:50:37
MTR000741,BK04,2025-12-31 19:47:17
MTR000741,BK02,2025-12-31 19:47:17
MTR000742,BK04,2025-03-11 11:50:37
MTR000742,BK09,2025-03-11 11:50:37
MTR000742,BK02,2025-03-11 11:50:37
MTR000743,BK10,2026-01-20 10:31:30
MTR000743,BK08,2026-01-20 10:31:30
MTR000744,BK10,2025-01-29 09:56:07
MTR000744,BK04,2025-01-29 09:56:07
MTR000744,BK02,2025-01-29 09:56:07
MTR000745,BK10,2024-05-27 05:07:55
MTR000745,BK06,2024-05-27 05:07:55
MTR000746,BK07,2025-02-21 05:01:31
MTR000746,BK09,2025-02-21 05:01:31
MTR000746,BK02,2025-02-21 05:01:31
MTR000747,BK10,2025-02-13 19:24:28
MTR000747,BK04,2025-02-13 19:24:28
MTR000747,BK03,2025-02-13 19:24:28
MTR000748,BK11,2025-05-29 15:06:35
MTR000748,BK04,2025-05-29 15:06:35
MTR000748,BK02,2025-05-29 15:06:35
MTR000749,BK06,2025-02-16 10:03:59
MTR000749,BK01,2025-02-16 10:03:59
MTR000749,BK10,2025-02-16 10:03:59
MTR000750,BK10,2025-03-11 06:08:18
MTR000750,BK04,2025-03-11 06:08:18
MTR000751,BK01,2024-02-17 12:46:13
MTR000751,BK02,2024-02-17 12:46:13
MTR000751,BK07,2024-02-17 12:46:13
MTR000751,BK03,2024-02-17 12:46:13
MTR000752,BK10,2025-09-07 03:45:40
MTR000752,BK01,2025-09-07 03:45:40
MTR000753,BK10,2024-09-24 18:57:12
MTR000753,BK04,2024-09-24 18:57:12
MTR000754,BK11,2025-03-02 21:52:03
MTR000754,BK04,2025-03-02 21:52:03
MTR000755,BK06,2025-12-12 00:52:55
MTR000755,BK01,2025-12-12 00:52:55
MTR000755,BK10,2025-12-12 00:52:55
MTR000756,BK09,2025-05-05 14:48:28
MTR000756,BK04,2025-05-05 14:48:28
MTR000756,BK07,2025-05-05 14:48:28
MTR000756,BK02,2025-05-05 14:48:28
MTR000757,BK12,2024-06-19 23:20:01
MTR000757,BK04,2024-06-19 23:20:01
MTR000758,BK08,2024-11-30 14:26:14
MTR000758,BK10,2024-11-30 14:26:14
MTR000759,BK10,2024-05-13 20:57:24
MTR000759,BK07,2024-05-13 20:57:24
MTR000760,BK08,2025-04-22 05:01:45
MTR000760,BK07,2025-04-22 05:01:45
MTR000761,BK11,2025-12-30 00:10:26
MTR000761,BK04,2025-12-30 00:10:26
MTR000761,BK03,2025-12-30 00:10:26
MTR000762,BK01,2025-08-22 10:23:38
MTR000762,BK07,2025-08-22 10:23:38
MTR000763,BK10,2024-10-26 14:58:51
MTR000763,BK06,2024-10-26 14:58:51
MTR000763,BK03,2024-10-26 14:58:51
MTR000763,BK05,2024-10-26 14:58:51
MTR000764,BK03,2025-11-20 21:03:53
MTR000764,BK07,2025-11-20 21:03:53
MTR000764,BK01,2025-11-20 21:03:53
MTR000764,BK02,2025-11-20 21:03:53
MTR000765,BK01,2024-06-30 22:58:52
MTR000765,BK02,2024-06-30 22:58:52
MTR000766,BK01,2024-11-19 18:20:47
MTR000766,BK03,2024-11-19 18:20:47
MTR000767,BK02,2024-06-03 00:21:25
MTR000767,BK04,2024-06-03 00:21:25
MTR000767,BK12,2024-06-03 00:21:25
MTR000768,BK06,2025-06-06 13:41:05
MTR000768,BK01,2025-06-06 13:41:05
MTR000769,BK09,2026-02-28 09:36:51
MTR000769,BK02,2026-02-28 09:36:51
MTR000769,BK07,2026-02-28 09:36:51
MTR000769,BK04,2026-02-28 09:36:51
MTR000770,BK10,2025-12-09 11:29:22
MTR000770,BK03,2025-12-09 11:29:22
MTR000770,BK04,2025-12-09 11:29:22
MTR000770,BK11,2025-12-09 11:29:22
MTR000771,BK01,2024-11-13 02:48:36
MTR000771,BK03,2024-11-13 02:48:36
MTR000771,BK02,2024-11-13 02:48:36
MTR000772,BK10,2026-03-04 22:21:10
MTR000772,BK02,2026-03-04 22:21:10
MTR000772,BK12,2026-03-04 22:21:10
MTR000772,BK04,2026-03-04 22:21:10
MTR000773,BK12,2024-03-16 00:37:10
MTR000773,BK04,2024-03-16 00:37:10
MTR000773,BK10,2024-03-16 00:37:10
MTR000774,BK11,2024-04-15 09:41:20
MTR000774,BK10,2024-04-15 09:41:20
MTR000775,BK10,2025-10-03 06:23:08
MTR000775,BK02,2025-10-03 06:23:08
MTR000776,BK08,2025-01-18 14:52:05
MTR000776,BK07,2025-01-18 14:52:05
MTR000777,BK06,2026-03-12 19:02:20
MTR000777,BK01,2026-03-12 19:02:20
MTR000778,BK02,2025-11-22 03:31:24
MTR000778,BK03,2025-11-22 03:31:24
MTR000779,BK04,2025-05-10 12:04:00
MTR000779,BK03,2025-05-10 12:04:00
MTR000779,BK11,2025-05-10 12:04:00
MTR000780,BK06,2026-02-06 00:18:21
MTR000780,BK03,2026-02-06 00:18:21
MTR000780,BK10,2026-02-06 00:18:21
MTR000780,BK05,2026-02-06 00:18:21
MTR000781,BK07,2024-09-19 00:55:18
MTR000781,BK03,2024-09-19 00:55:18
MTR000781,BK01,2024-09-19 00:55:18
MTR000781,BK02,2024-09-19 00:55:18
MTR000782,BK11,2024-03-17 06:14:08
MTR000782,BK04,2024-03-17 06:14:08
MTR000782,BK03,2024-03-17 06:14:08
MTR000783,BK04,2024-08-12 20:43:28
MTR000783,BK02,2024-08-12 20:43:28
MTR000783,BK09,2024-08-12 20:43:28
MTR000783,BK07,2024-08-12 20:43:28
MTR000784,BK10,2026-04-08 14:19:40
MTR000784,BK06,2026-04-08 14:19:40
MTR000784,BK03,2026-04-08 14:19:40
MTR000785,BK11,2025-04-27 09:09:20
MTR000785,BK02,2025-04-27 09:09:20
MTR000785,BK04,2025-04-27 09:09:20
MTR000785,BK10,2025-04-27 09:09:20
MTR000786,BK10,2024-11-28 19:30:05
MTR000786,BK04,2024-11-28 19:30:05
MTR000786,BK03,2024-11-28 19:30:05
MTR000786,BK11,2024-11-28 19:30:05
MTR000787,BK02,2024-01-13 22:34:30
MTR000787,BK11,2024-01-13 22:34:30
MTR000787,BK10,2024-01-13 22:34:30
MTR000787,BK04,2024-01-13 22:34:30
MTR000788,BK04,2024-10-29 21:41:35
MTR000788,BK10,2024-10-29 21:41:35
MTR000788,BK12,2024-10-29 21:41:35
MTR000789,BK04,2026-03-23 21:04:48
MTR000789,BK10,2026-03-23 21:04:48
MTR000789,BK02,2026-03-23 21:04:48
MTR000790,BK03,2024-11-07 23:54:46
MTR000790,BK11,2024-11-07 23:54:46
MTR000790,BK10,2024-11-07 23:54:46
MTR000791,BK04,2024-11-10 12:28:55
MTR000791,BK02,2024-11-10 12:28:55
MTR000791,BK07,2024-11-10 12:28:55
MTR000792,BK10,2026-03-03 14:02:07
MTR000792,BK02,2026-03-03 14:02:07
MTR000792,BK03,2026-03-03 14:02:07
MTR000793,BK10,2025-09-05 18:35:14
MTR000793,BK03,2025-09-05 18:35:14
MTR000793,BK05,2025-09-05 18:35:14
MTR000794,BK09,2024-06-09 06:02:27
MTR000794,BK07,2024-06-09 06:02:27
MTR000795,BK09,2025-05-23 07:31:22
MTR000795,BK02,2025-05-23 07:31:22
MTR000795,BK04,2025-05-23 07:31:22
MTR000795,BK07,2025-05-23 07:31:22
MTR000796,BK10,2024-09-06 05:21:16
MTR000796,BK01,2024-09-06 05:21:16
MTR000796,BK06,2024-09-06 05:21:16
MTR000797,BK04,2024-02-05 18:24:52
MTR000797,BK12,2024-02-05 18:24:52
MTR000798,BK01,2025-08-20 15:54:28
MTR000798,BK02,2025-08-20 15:54:28
MTR000798,BK03,2025-08-20 15:54:28
MTR000798,BK07,2025-08-20 15:54:28
MTR000799,BK07,2024-06-29 05:45:20
MTR000799,BK10,2024-06-29 05:45:20
MTR000799,BK08,2024-06-29 05:45:20
MTR000800,BK02,2024-08-09 13:15:30
MTR000800,BK01,2024-08-09 13:15:30
MTR000801,BK07,2024-03-11 08:08:02
MTR000801,BK01,2024-03-11 08:08:02
MTR000801,BK02,2024-03-11 08:08:02
MTR000801,BK03,2024-03-11 08:08:02
MTR000802,BK10,2024-12-09 20:31:23
MTR000802,BK02,2024-12-09 20:31:23
MTR000802,BK04,2024-12-09 20:31:23
MTR000802,BK11,2024-12-09 20:31:23
MTR000803,BK05,2026-04-07 23:25:22
MTR000803,BK03,2026-04-07 23:25:22
MTR000803,BK06,2026-04-07 23:25:22
MTR000803,BK10,2026-04-07 23:25:22
MTR000804,BK10,2025-01-24 02:14:33
MTR000804,BK11,2025-01-24 02:14:33
MTR000804,BK04,2025-01-24 02:14:33
MTR000805,BK01,2024-01-19 19:23:19
MTR000805,BK10,2024-01-19 19:23:19
MTR000806,BK03,2024-07-20 21:50:13
MTR000806,BK10,2024-07-20 21:50:13
MTR000806,BK02,2024-07-20 21:50:13
MTR000806,BK12,2024-07-20 21:50:13
MTR000807,BK02,2024-08-30 18:35:27
MTR000807,BK03,2024-08-30 18:35:27
MTR000808,BK02,2025-07-09 22:42:36
MTR000808,BK10,2025-07-09 22:42:36
MTR000809,BK03,2024-10-04 10:31:32
MTR000809,BK10,2024-10-04 10:31:32
MTR000810,BK11,2024-10-29 17:01:40
MTR000810,BK10,2024-10-29 17:01:40
MTR000810,BK03,2024-10-29 17:01:40
MTR000811,BK01,2024-06-14 11:12:22
MTR000811,BK06,2024-06-14 11:12:22
MTR000812,BK03,2024-01-04 17:27:41
MTR000812,BK10,2024-01-04 17:27:41
MTR000813,BK10,2024-07-03 03:39:25
MTR000813,BK02,2024-07-03 03:39:25
MTR000814,BK08,2025-01-28 12:51:39
MTR000814,BK07,2025-01-28 12:51:39
MTR000814,BK10,2025-01-28 12:51:39
MTR000815,BK10,2024-05-09 09:45:52
MTR000815,BK06,2024-05-09 09:45:52
MTR000816,BK05,2024-12-12 23:55:34
MTR000816,BK06,2024-12-12 23:55:34
MTR000816,BK10,2024-12-12 23:55:34
MTR000817,BK10,2025-09-21 20:30:30
MTR000817,BK02,2025-09-21 20:30:30
MTR000818,BK03,2025-03-09 06:52:52
MTR000818,BK11,2025-03-09 06:52:52
MTR000818,BK04,2025-03-09 06:52:52
MTR000818,BK10,2025-03-09 06:52:52
MTR000819,BK01,2024-05-07 01:41:00
MTR000819,BK10,2024-05-07 01:41:00
MTR000819,BK06,2024-05-07 01:41:00
MTR000820,BK07,2024-11-15 01:05:37
MTR000820,BK04,2024-11-15 01:05:37
MTR000820,BK02,2024-11-15 01:05:37
MTR000821,BK11,2024-10-12 20:31:40
MTR000821,BK02,2024-10-12 20:31:40
MTR000821,BK04,2024-10-12 20:31:40
MTR000821,BK10,2024-10-12 20:31:40
MTR000822,BK02,2024-10-03 21:10:23
MTR000822,BK03,2024-10-03 21:10:23
MTR000822,BK07,2024-10-03 21:10:23
MTR000822,BK01,2024-10-03 21:10:23
MTR000823,BK04,2025-03-10 17:32:15
MTR000823,BK11,2025-03-10 17:32:15
MTR000823,BK10,2025-03-10 17:32:15
MTR000823,BK03,2025-03-10 17:32:15
MTR000824,BK02,2025-06-27 08:31:23
MTR000824,BK01,2025-06-27 08:31:23
MTR000825,BK01,2025-07-18 22:26:25
MTR000825,BK03,2025-07-18 22:26:25
MTR000825,BK07,2025-07-18 22:26:25
MTR000825,BK02,2025-07-18 22:26:25
MTR000826,BK01,2024-11-12 04:36:48
MTR000826,BK03,2024-11-12 04:36:48
MTR000827,BK09,2025-06-08 16:44:34
MTR000827,BK07,2025-06-08 16:44:34
MTR000827,BK02,2025-06-08 16:44:34
MTR000828,BK04,2025-12-24 00:48:20
MTR000828,BK10,2025-12-24 00:48:20
MTR000828,BK02,2025-12-24 00:48:20
MTR000829,BK04,2025-01-17 15:09:53
MTR000829,BK10,2025-01-17 15:09:53
MTR000830,BK11,2025-01-15 23:57:51
MTR000830,BK10,2025-01-15 23:57:51
MTR000830,BK04,2025-01-15 23:57:51
MTR000830,BK02,2025-01-15 23:57:51
MTR000831,BK01,2024-04-07 04:19:08
MTR000831,BK02,2024-04-07 04:19:08
MTR000832,BK02,2024-12-14 12:44:10
MTR000832,BK03,2024-12-14 12:44:10
MTR000833,BK04,2025-05-15 00:56:19
MTR000833,BK11,2025-05-15 00:56:19
MTR000834,BK03,2024-11-23 00:27:40
MTR000834,BK02,2024-11-23 00:27:40
MTR000834,BK01,2024-11-23 00:27:40
MTR000835,BK04,2025-04-04 11:08:15
MTR000835,BK10,2025-04-04 11:08:15
MTR000836,BK06,2025-08-07 07:58:40
MTR000836,BK10,2025-08-07 07:58:40
MTR000836,BK01,2025-08-07 07:58:40
MTR000837,BK07,2026-04-01 16:27:34
MTR000837,BK02,2026-04-01 16:27:34
MTR000838,BK03,2025-07-24 12:43:15
MTR000838,BK04,2025-07-24 12:43:15
MTR000838,BK10,2025-07-24 12:43:15
MTR000838,BK11,2025-07-24 12:43:15
MTR000839,BK05,2025-10-17 06:01:29
MTR000839,BK06,2025-10-17 06:01:29
MTR000840,BK10,2026-02-21 16:38:49
MTR000840,BK02,2026-02-21 16:38:49
MTR000841,BK03,2026-04-18 18:55:21
MTR000841,BK04,2026-04-18 18:55:21
MTR000842,BK08,2025-06-25 14:27:32
MTR000842,BK07,2025-06-25 14:27:32
MTR000842,BK10,2025-06-25 14:27:32
MTR000843,BK04,2025-10-01 21:12:20
MTR000843,BK10,2025-10-01 21:12:20
MTR000843,BK11,2025-10-01 21:12:20
MTR000844,BK10,2024-09-08 10:52:08
MTR000844,BK04,2024-09-08 10:52:08
MTR000844,BK11,2024-09-08 10:52:08
MTR000845,BK07,2024-08-21 22:46:38
MTR000845,BK02,2024-08-21 22:46:38
MTR000846,BK04,2025-12-05 15:59:59
MTR000846,BK02,2025-12-05 15:59:59
MTR000846,BK12,2025-12-05 15:59:59
MTR000846,BK10,2025-12-05 15:59:59
MTR000847,BK11,2026-01-04 14:28:11
MTR000847,BK10,2026-01-04 14:28:11
MTR000847,BK02,2026-01-04 14:28:11
MTR000847,BK04,2026-01-04 14:28:11
MTR000848,BK01,2026-03-16 17:35:34
MTR000848,BK06,2026-03-16 17:35:34
MTR000849,BK02,2024-01-29 09:45:11
MTR000849,BK04,2024-01-29 09:45:11
MTR000850,BK03,2024-02-19 19:44:59
MTR000850,BK02,2024-02-19 19:44:59
MTR000850,BK10,2024-02-19 19:44:59
MTR000850,BK12,2024-02-19 19:44:59
MTR000851,BK10,2025-07-22 08:09:36
MTR000851,BK05,2025-07-22 08:09:36
MTR000851,BK03,2025-07-22 08:09:36
MTR000852,BK10,2026-01-17 03:13:45
MTR000852,BK04,2026-01-17 03:13:45
MTR000853,BK07,2025-06-11 19:39:24
MTR000853,BK01,2025-06-11 19:39:24
MTR000854,BK10,2024-03-09 19:20:40
MTR000854,BK04,2024-03-09 19:20:40
MTR000855,BK12,2025-11-07 07:02:35
MTR000855,BK10,2025-11-07 07:02:35
MTR000856,BK10,2025-08-15 05:51:45
MTR000856,BK07,2025-08-15 05:51:45
MTR000856,BK08,2025-08-15 05:51:45
MTR000857,BK10,2026-05-08 13:40:09
MTR000857,BK11,2026-05-08 13:40:09
MTR000858,BK05,2024-12-19 13:57:23
MTR000858,BK06,2024-12-19 13:57:23
MTR000858,BK03,2024-12-19 13:57:23
MTR000859,BK11,2026-01-25 16:03:17
MTR000859,BK04,2026-01-25 16:03:17
MTR000860,BK12,2026-05-19 18:18:36
MTR000860,BK10,2026-05-19 18:18:36
MTR000860,BK03,2026-05-19 18:18:36
MTR000860,BK02,2026-05-19 18:18:36
MTR000861,BK04,2025-11-20 08:21:13
MTR000861,BK10,2025-11-20 08:21:13
MTR000861,BK02,2025-11-20 08:21:13
MTR000862,BK06,2025-05-17 06:29:43
MTR000862,BK04,2025-05-17 06:29:43
MTR000863,BK10,2024-12-12 05:21:14
MTR000863,BK06,2024-12-12 05:21:14
MTR000864,BK07,2025-01-08 15:12:51
MTR000864,BK01,2025-01-08 15:12:51
MTR000864,BK03,2025-01-08 15:12:51
MTR000865,BK03,2024-06-02 06:01:51
MTR000865,BK04,2024-06-02 06:01:51
MTR000865,BK06,2024-06-02 06:01:51
MTR000865,BK10,2024-06-02 06:01:51
MTR000866,BK12,2025-06-24 21:53:39
MTR000866,BK10,2025-06-24 21:53:39
MTR000866,BK02,2025-06-24 21:53:39
MTR000866,BK04,2025-06-24 21:53:39
MTR000867,BK05,2025-10-11 06:57:27
MTR000867,BK03,2025-10-11 06:57:27
MTR000867,BK06,2025-10-11 06:57:27
MTR000867,BK10,2025-10-11 06:57:27
MTR000868,BK04,2024-02-27 12:46:03
MTR000868,BK09,2024-02-27 12:46:03
MTR000868,BK07,2024-02-27 12:46:03
MTR000868,BK02,2024-02-27 12:46:03
MTR000869,BK12,2025-10-26 18:53:46
MTR000869,BK10,2025-10-26 18:53:46
MTR000870,BK04,2025-08-22 15:45:03
MTR000870,BK10,2025-08-22 15:45:03
MTR000871,BK04,2025-12-12 17:36:10
MTR000871,BK10,2025-12-12 17:36:10
MTR000872,BK01,2024-03-15 06:19:01
MTR000872,BK07,2024-03-15 06:19:01
MTR000873,BK04,2024-06-27 19:34:11
MTR000873,BK03,2024-06-27 19:34:11
MTR000874,BK01,2026-04-27 05:15:38
MTR000874,BK06,2026-04-27 05:15:38
MTR000874,BK10,2026-04-27 05:15:38
MTR000875,BK01,2025-08-21 21:10:52
MTR000875,BK02,2025-08-21 21:10:52
MTR000875,BK07,2025-08-21 21:10:52
MTR000876,BK10,2025-02-27 06:19:06
MTR000876,BK01,2025-02-27 06:19:06
MTR000877,BK07,2025-10-19 02:34:50
MTR000877,BK04,2025-10-19 02:34:50
MTR000877,BK02,2025-10-19 02:34:50
MTR000877,BK09,2025-10-19 02:34:50
MTR000878,BK02,2025-04-22 17:35:50
MTR000878,BK10,2025-04-22 17:35:50
MTR000878,BK12,2025-04-22 17:35:50
MTR000878,BK04,2025-04-22 17:35:50
MTR000879,BK12,2025-12-31 05:40:20
MTR000879,BK02,2025-12-31 05:40:20
MTR000879,BK03,2025-12-31 05:40:20
MTR000879,BK10,2025-12-31 05:40:20
MTR000880,BK07,2024-10-09 17:48:24
MTR000880,BK10,2024-10-09 17:48:24
MTR000881,BK09,2026-03-21 11:40:58
MTR000881,BK02,2026-03-21 11:40:58
MTR000882,BK03,2024-01-30 18:09:18
MTR000882,BK02,2024-01-30 18:09:18
MTR000883,BK10,2025-11-23 19:31:20
MTR000883,BK05,2025-11-23 19:31:20
MTR000884,BK06,2024-04-15 09:08:27
MTR000884,BK01,2024-04-15 09:08:27
MTR000885,BK02,2025-04-23 08:34:57
MTR000885,BK04,2025-04-23 08:34:57
MTR000886,BK10,2024-02-05 21:38:56
MTR000886,BK02,2024-02-05 21:38:56
MTR000886,BK12,2024-02-05 21:38:56
MTR000886,BK03,2024-02-05 21:38:56
MTR000887,BK04,2025-01-21 07:36:10
MTR000887,BK10,2025-01-21 07:36:10
MTR000888,BK07,2025-10-06 07:57:18
MTR000888,BK02,2025-10-06 07:57:18
MTR000888,BK04,2025-10-06 07:57:18
MTR000888,BK09,2025-10-06 07:57:18
MTR000889,BK07,2025-09-23 20:38:52
MTR000889,BK03,2025-09-23 20:38:52
MTR000889,BK01,2025-09-23 20:38:52
MTR000889,BK02,2025-09-23 20:38:52
MTR000890,BK02,2025-06-14 15:01:44
MTR000890,BK04,2025-06-14 15:01:44
MTR000890,BK12,2025-06-14 15:01:44
MTR000891,BK04,2025-08-25 20:15:06
MTR000891,BK09,2025-08-25 20:15:06
MTR000892,BK07,2025-07-29 00:30:02
MTR000892,BK02,2025-07-29 00:30:02
MTR000892,BK01,2025-07-29 00:30:02
MTR000892,BK03,2025-07-29 00:30:02
MTR000893,BK06,2026-01-03 21:01:36
MTR000893,BK10,2026-01-03 21:01:36
MTR000893,BK04,2026-01-03 21:01:36
MTR000894,BK07,2024-10-12 18:05:04
MTR000894,BK02,2024-10-12 18:05:04
MTR000895,BK11,2024-04-09 11:58:43
MTR000895,BK10,2024-04-09 11:58:43
MTR000895,BK03,2024-04-09 11:58:43
MTR000895,BK04,2024-04-09 11:58:43
MTR000896,BK10,2024-12-02 21:13:33
MTR000896,BK04,2024-12-02 21:13:33
MTR000896,BK02,2024-12-02 21:13:33
MTR000897,BK06,2026-05-23 12:49:40
MTR000897,BK01,2026-05-23 12:49:40
MTR000897,BK10,2026-05-23 12:49:40
MTR000898,BK12,2024-03-17 15:07:49
MTR000898,BK10,2024-03-17 15:07:49
MTR000899,BK10,2024-12-21 05:32:15
MTR000899,BK11,2024-12-21 05:32:15
MTR000899,BK04,2024-12-21 05:32:15
MTR000900,BK03,2024-11-16 03:19:39
MTR000900,BK12,2024-11-16 03:19:39
MTR000900,BK02,2024-11-16 03:19:39
MTR000900,BK10,2024-11-16 03:19:39
MTR000901,BK04,2024-03-18 07:53:10
MTR000901,BK07,2024-03-18 07:53:10
MTR000901,BK02,2024-03-18 07:53:10
MTR000902,BK12,2025-05-11 09:51:59
MTR000902,BK03,2025-05-11 09:51:59
MTR000903,BK02,2025-03-22 12:15:44
MTR000903,BK01,2025-03-22 12:15:44
MTR000904,BK04,2024-07-15 16:28:20
MTR000904,BK02,2024-07-15 16:28:20
MTR000904,BK10,2024-07-15 16:28:20
MTR000905,BK06,2024-02-29 23:39:58
MTR000905,BK01,2024-02-29 23:39:58
MTR000905,BK10,2024-02-29 23:39:58
MTR000906,BK10,2025-03-06 02:51:31
MTR000906,BK12,2025-03-06 02:51:31
MTR000907,BK11,2025-09-06 15:17:41
MTR000907,BK02,2025-09-06 15:17:41
MTR000907,BK10,2025-09-06 15:17:41
MTR000908,BK07,2025-04-18 18:33:19
MTR000908,BK08,2025-04-18 18:33:19
MTR000908,BK10,2025-04-18 18:33:19
MTR000909,BK10,2024-03-15 10:51:25
MTR000909,BK07,2024-03-15 10:51:25
MTR000909,BK08,2024-03-15 10:51:25
MTR000910,BK10,2024-04-07 01:07:05
MTR000910,BK03,2024-04-07 01:07:05
MTR000910,BK06,2024-04-07 01:07:05
MTR000911,BK12,2026-01-28 05:02:23
MTR000911,BK04,2026-01-28 05:02:23
MTR000912,BK10,2025-04-13 16:55:53
MTR000912,BK01,2025-04-13 16:55:53
MTR000913,BK02,2025-02-05 05:01:45
MTR000913,BK10,2025-02-05 05:01:45
MTR000913,BK03,2025-02-05 05:01:45
MTR000913,BK12,2025-02-05 05:01:45
MTR000914,BK10,2026-02-07 08:42:19
MTR000914,BK02,2026-02-07 08:42:19
MTR000914,BK04,2026-02-07 08:42:19
MTR000915,BK02,2025-09-26 01:16:21
MTR000915,BK03,2025-09-26 01:16:21
MTR000915,BK10,2025-09-26 01:16:21
MTR000915,BK12,2025-09-26 01:16:21
MTR000916,BK07,2025-03-09 16:14:04
MTR000916,BK10,2025-03-09 16:14:04
MTR000916,BK08,2025-03-09 16:14:04
MTR000917,BK04,2024-08-13 02:30:34
MTR000917,BK11,2024-08-13 02:30:34
MTR000917,BK03,2024-08-13 02:30:34
MTR000917,BK10,2024-08-13 02:30:34
MTR000918,BK02,2026-03-09 08:34:11
MTR000918,BK10,2026-03-09 08:34:11
MTR000918,BK03,2026-03-09 08:34:11
MTR000918,BK12,2026-03-09 08:34:11
MTR000919,BK10,2024-12-02 00:45:48
MTR000919,BK03,2024-12-02 00:45:48
MTR000919,BK05,2024-12-02 00:45:48
MTR000920,BK05,2025-11-22 19:39:23
MTR000920,BK10,2025-11-22 19:39:23
MTR000920,BK06,2025-11-22 19:39:23
MTR000921,BK07,2024-05-18 04:36:07
MTR000921,BK09,2024-05-18 04:36:07
MTR000922,BK11,2024-05-12 18:23:54
MTR000922,BK04,2024-05-12 18:23:54
MTR000922,BK10,2024-05-12 18:23:54
MTR000922,BK02,2024-05-12 18:23:54
MTR000923,BK11,2024-04-07 04:46:56
MTR000923,BK10,2024-04-07 04:46:56
MTR000923,BK03,2024-04-07 04:46:56
MTR000923,BK04,2024-04-07 04:46:56
MTR000924,BK12,2024-05-16 14:42:43
MTR000924,BK04,2024-05-16 14:42:43
MTR000924,BK10,2024-05-16 14:42:43
MTR000924,BK02,2024-05-16 14:42:43
MTR000925,BK10,2025-10-11 14:50:39
MTR000925,BK04,2025-10-11 14:50:39
MTR000926,BK03,2025-02-13 02:17:34
MTR000926,BK07,2025-02-13 02:17:34
MTR000926,BK01,2025-02-13 02:17:34
MTR000926,BK02,2025-02-13 02:17:34
MTR000927,BK03,2024-09-15 06:20:28
MTR000927,BK11,2024-09-15 06:20:28
MTR000927,BK10,2024-09-15 06:20:28
MTR000928,BK10,2025-05-04 14:39:37
MTR000928,BK07,2025-05-04 14:39:37
MTR000928,BK08,2025-05-04 14:39:37
MTR000929,BK02,2024-07-22 14:53:36
MTR000929,BK03,2024-07-22 14:53:36
MTR000929,BK07,2024-07-22 14:53:36
MTR000929,BK01,2024-07-22 14:53:36
MTR000930,BK03,2026-04-15 02:11:28
MTR000930,BK10,2026-04-15 02:11:28
MTR000931,BK03,2024-04-07 10:30:13
MTR000931,BK10,2024-04-07 10:30:13
MTR000931,BK12,2024-04-07 10:30:13
MTR000931,BK02,2024-04-07 10:30:13
MTR000932,BK02,2025-05-23 16:52:39
MTR000932,BK12,2025-05-23 16:52:39
MTR000932,BK03,2025-05-23 16:52:39
MTR000933,BK10,2026-01-19 13:23:45
MTR000933,BK03,2026-01-19 13:23:45
MTR000934,BK03,2024-01-10 10:15:04
MTR000934,BK10,2024-01-10 10:15:04
MTR000935,BK11,2025-01-02 23:45:15
MTR000935,BK04,2025-01-02 23:45:15
MTR000935,BK02,2025-01-02 23:45:15
MTR000935,BK10,2025-01-02 23:45:15
MTR000936,BK10,2024-07-14 15:23:26
MTR000936,BK02,2024-07-14 15:23:26
MTR000936,BK11,2024-07-14 15:23:26
MTR000937,BK07,2024-06-29 14:58:43
MTR000937,BK03,2024-06-29 14:58:43
MTR000937,BK01,2024-06-29 14:58:43
MTR000937,BK02,2024-06-29 14:58:43
MTR000938,BK04,2025-09-22 09:01:35
MTR000938,BK10,2025-09-22 09:01:35
MTR000938,BK02,2025-09-22 09:01:35
MTR000939,BK07,2024-09-01 03:42:39
MTR000939,BK08,2024-09-01 03:42:39
MTR000940,BK04,2025-03-07 03:52:40
MTR000940,BK12,2025-03-07 03:52:40
MTR000940,BK02,2025-03-07 03:52:40
MTR000941,BK02,2024-06-30 14:27:17
MTR000941,BK04,2024-06-30 14:27:17
MTR000942,BK10,2024-10-30 04:48:17
MTR000942,BK06,2024-10-30 04:48:17
MTR000942,BK03,2024-10-30 04:48:17
MTR000942,BK05,2024-10-30 04:48:17
MTR000943,BK04,2024-05-06 08:25:14
MTR000943,BK07,2024-05-06 08:25:14
MTR000943,BK09,2024-05-06 08:25:14
MTR000943,BK02,2024-05-06 08:25:14
MTR000944,BK03,2025-04-17 23:44:41
MTR000944,BK10,2025-04-17 23:44:41
MTR000945,BK12,2026-04-05 20:17:34
MTR000945,BK10,2026-04-05 20:17:34
MTR000946,BK07,2025-08-20 01:36:33
MTR000946,BK02,2025-08-20 01:36:33
MTR000947,BK10,2025-02-25 21:48:56
MTR000947,BK12,2025-02-25 21:48:56
MTR000947,BK03,2025-02-25 21:48:56
MTR000948,BK07,2024-02-11 11:28:14
MTR000948,BK02,2024-02-11 11:28:14
MTR000948,BK01,2024-02-11 11:28:14
MTR000949,BK10,2025-12-03 02:18:05
MTR000949,BK03,2025-12-03 02:18:05
MTR000950,BK02,2025-09-18 07:52:56
MTR000950,BK10,2025-09-18 07:52:56
MTR000951,BK05,2025-05-20 21:27:37
MTR000951,BK06,2025-05-20 21:27:37
MTR000951,BK10,2025-05-20 21:27:37
MTR000952,BK01,2024-04-12 15:12:41
MTR000952,BK02,2024-04-12 15:12:41
MTR000952,BK07,2024-04-12 15:12:41
MTR000953,BK02,2026-02-25 05:59:27
MTR000953,BK04,2026-02-25 05:59:27
MTR000954,BK02,2026-05-13 18:51:10
MTR000954,BK09,2026-05-13 18:51:10
MTR000955,BK09,2026-03-25 11:02:50
MTR000955,BK02,2026-03-25 11:02:50
MTR000955,BK04,2026-03-25 11:02:50
MTR000955,BK07,2026-03-25 11:02:50
MTR000956,BK10,2024-07-05 07:01:59
MTR000956,BK08,2024-07-05 07:01:59
MTR000956,BK07,2024-07-05 07:01:59
MTR000957,BK02,2024-02-20 15:48:54
MTR000957,BK07,2024-02-20 15:48:54
MTR000957,BK04,2024-02-20 15:48:54
MTR000958,BK07,2024-07-07 19:02:38
MTR000958,BK04,2024-07-07 19:02:38
MTR000959,BK11,2026-01-21 14:33:49
MTR000959,BK10,2026-01-21 14:33:49
MTR000959,BK03,2026-01-21 14:33:49
MTR000960,BK11,2024-10-05 19:27:46
MTR000960,BK04,2024-10-05 19:27:46
MTR000960,BK10,2024-10-05 19:27:46
MTR000961,BK02,2025-11-11 18:24:43
MTR000961,BK12,2025-11-11 18:24:43
MTR000962,BK01,2025-07-13 22:33:55
MTR000962,BK10,2025-07-13 22:33:55
MTR000962,BK06,2025-07-13 22:33:55
MTR000963,BK07,2024-01-12 03:43:38
MTR000963,BK02,2024-01-12 03:43:38
MTR000964,BK04,2024-11-25 13:03:03
MTR000964,BK02,2024-11-25 13:03:03
MTR000964,BK10,2024-11-25 13:03:03
MTR000964,BK12,2024-11-25 13:03:03
MTR000965,BK02,2024-04-29 09:45:14
MTR000965,BK01,2024-04-29 09:45:14
MTR000965,BK07,2024-04-29 09:45:14
MTR000966,BK10,2025-03-15 23:52:33
MTR000966,BK08,2025-03-15 23:52:33
MTR000967,BK10,2024-06-10 14:33:18
MTR000967,BK03,2024-06-10 14:33:18
MTR000968,BK03,2024-08-04 15:33:08
MTR000968,BK11,2024-08-04 15:33:08
MTR000968,BK04,2024-08-04 15:33:08
MTR000968,BK10,2024-08-04 15:33:08
MTR000969,BK12,2024-03-30 12:34:12
MTR000969,BK02,2024-03-30 12:34:12
MTR000970,BK06,2024-12-04 07:24:43
MTR000970,BK10,2024-12-04 07:24:43
MTR000971,BK04,2025-04-24 18:06:55
MTR000971,BK09,2025-04-24 18:06:55
MTR000972,BK05,2024-01-10 14:33:13
MTR000972,BK03,2024-01-10 14:33:13
MTR000973,BK01,2026-04-18 16:08:50
MTR000973,BK10,2026-04-18 16:08:50
MTR000974,BK06,2024-11-27 05:39:10
MTR000974,BK10,2024-11-27 05:39:10
MTR000974,BK01,2024-11-27 05:39:10
MTR000975,BK10,2025-06-10 07:34:45
MTR000975,BK12,2025-06-10 07:34:45
MTR000975,BK02,2025-06-10 07:34:45
MTR000975,BK03,2025-06-10 07:34:45
MTR000976,BK10,2025-03-06 09:12:48
MTR000976,BK11,2025-03-06 09:12:48
MTR000977,BK11,2024-05-09 20:54:55
MTR000977,BK04,2024-05-09 20:54:55
MTR000977,BK10,2024-05-09 20:54:55
MTR000977,BK02,2024-05-09 20:54:55
MTR000978,BK10,2024-07-10 00:31:54
MTR000978,BK06,2024-07-10 00:31:54
MTR000979,BK08,2024-05-30 19:36:24
MTR000979,BK10,2024-05-30 19:36:24
MTR000980,BK03,2025-04-01 01:24:34
MTR000980,BK06,2025-04-01 01:24:34
MTR000981,BK03,2024-01-13 03:24:11
MTR000981,BK07,2024-01-13 03:24:11
MTR000981,BK01,2024-01-13 03:24:11
MTR000981,BK02,2024-01-13 03:24:11
MTR000982,BK04,2024-03-22 14:44:21
MTR000982,BK02,2024-03-22 14:44:21
MTR000982,BK10,2024-03-22 14:44:21
MTR000983,BK03,2024-09-27 12:33:12
MTR000983,BK05,2024-09-27 12:33:12
MTR000984,BK04,2026-03-11 08:25:08
MTR000984,BK12,2026-03-11 08:25:08
MTR000985,BK03,2025-11-09 07:04:38
MTR000985,BK07,2025-11-09 07:04:38
MTR000986,BK03,2024-11-24 05:17:43
MTR000986,BK10,2024-11-24 05:17:43
MTR000987,BK10,2025-06-07 02:29:46
MTR000987,BK01,2025-06-07 02:29:46
MTR000988,BK06,2024-09-17 17:27:09
MTR000988,BK10,2024-09-17 17:27:09
MTR000988,BK05,2024-09-17 17:27:09
MTR000989,BK06,2025-05-14 08:36:41
MTR000989,BK10,2025-05-14 08:36:41
MTR000990,BK02,2025-01-04 11:02:49
MTR000990,BK10,2025-01-04 11:02:49
MTR000991,BK04,2026-04-12 22:51:33
MTR000991,BK10,2026-04-12 22:51:33
MTR000992,BK02,2024-12-26 13:08:11
MTR000992,BK04,2024-12-26 13:08:11
MTR000993,BK06,2024-01-13 19:29:10
MTR000993,BK10,2024-01-13 19:29:10
MTR000993,BK03,2024-01-13 19:29:10
MTR000993,BK05,2024-01-13 19:29:10
MTR000994,BK07,2024-06-10 23:16:19
MTR000994,BK09,2024-06-10 23:16:19
MTR000994,BK04,2024-06-10 23:16:19
MTR000995,BK03,2025-04-05 12:59:41
MTR000995,BK02,2025-04-05 12:59:41
MTR000995,BK07,2025-04-05 12:59:41
MTR000995,BK01,2025-04-05 12:59:41
MTR000996,BK02,2026-02-08 06:32:10
MTR000996,BK11,2026-02-08 06:32:10
MTR000997,BK09,2024-02-24 05:28:26
MTR000997,BK02,2024-02-24 05:28:26
MTR000998,BK01,2026-05-20 17:44:53
MTR000998,BK10,2026-05-20 17:44:53
MTR000999,BK02,2024-03-04 21:54:09
MTR000999,BK11,2024-03-04 21:54:09
MTR000999,BK04,2024-03-04 21:54:09
MTR001000,BK04,2024-09-19 23:20:45
MTR001000,BK07,2024-09-19 23:20:45
MTR001000,BK02,2024-09-19 23:20:45
